source_db,source_id,source_name,omen_key,omen_c,omen_x,posture,implement,pattern,laterality,angle,mechanic,primary_muscles
free-exercise-db,3_4_Sit-Up,3/4 Sit-Up,OMEN-0.2-NEBO6LLZQU252,spinal-flexion,posture=supine|implement=bodyweight|attachment=none|grip_orientation=neutral|grip_width=standard|laterality=bilateral|pattern=spinal-flexion|angle=flat|contraction=dynamic|range=full,supine,bodyweight,spinal-flexion,bilateral,flat,isolation,rectus-abdominis
free-exercise-db,Ab_Crunch_Machine,Ab Crunch Machine,OMEN-0.2-7ZQ3G7IHRQZDO,machine spinal-flexion,posture=supine|implement=machine|attachment=none|grip_orientation=neutral|grip_width=standard|laterality=bilateral|pattern=spinal-flexion|angle=flat|contraction=dynamic|range=full,supine,machine,spinal-flexion,bilateral,flat,isolation,rectus-abdominis
free-exercise-db,Ab_Roller,Ab Roller,OMEN-0.2-P4CKYR3GPLANK,ab-wheel spinal-flexion,posture=supine|implement=ab-wheel|attachment=none|grip_orientation=neutral|grip_width=standard|laterality=bilateral|pattern=spinal-flexion|angle=flat|contraction=dynamic|range=full,supine,ab-wheel,spinal-flexion,bilateral,flat,isolation,rectus-abdominis
free-exercise-db,Advanced_Kettlebell_Windmill,Advanced Kettlebell Windmill,OMEN-0.2-ERPYUQXRJW7Z4,kettlebell spinal-flexion,posture=supine|implement=kettlebell|attachment=none|grip_orientation=neutral|grip_width=standard|laterality=bilateral|pattern=spinal-flexion|angle=flat|contraction=dynamic|range=full,supine,kettlebell,spinal-flexion,bilateral,flat,isolation,rectus-abdominis
free-exercise-db,Air_Bike,Air Bike,OMEN-0.2-NEBO6LLZQU252,spinal-flexion,posture=supine|implement=bodyweight|attachment=none|grip_orientation=neutral|grip_width=standard|laterality=bilateral|pattern=spinal-flexion|angle=flat|contraction=dynamic|range=full,supine,bodyweight,spinal-flexion,bilateral,flat,isolation,rectus-abdominis
free-exercise-db,Alternate_Hammer_Curl,Alternate Hammer Curl,OMEN-0.2-GAW7LWBFYPEUO,dumbbell neutral alternating elbow-flexion,posture=standing|implement=dumbbell|attachment=none|grip_orientation=neutral|grip_width=standard|laterality=alternating|pattern=elbow-flexion|angle=flat|contraction=dynamic|range=full,standing,dumbbell,elbow-flexion,alternating,flat,isolation,biceps;brachialis
free-exercise-db,Alternate_Heel_Touchers,Alternate Heel Touchers,OMEN-0.2-TI237YSCPTPHQ,alternating spinal-flexion,posture=supine|implement=bodyweight|attachment=none|grip_orientation=neutral|grip_width=standard|laterality=alternating|pattern=spinal-flexion|angle=flat|contraction=dynamic|range=full,supine,bodyweight,spinal-flexion,alternating,flat,isolation,rectus-abdominis
free-exercise-db,Alternate_Incline_Dumbbell_Curl,Alternate Incline Dumbbell Curl,OMEN-0.2-BEHGJ2LENSQ3M,incline dumbbell alternating elbow-flexion,posture=standing|implement=dumbbell|attachment=none|grip_orientation=supinated|grip_width=standard|laterality=alternating|pattern=elbow-flexion|angle=incline|contraction=dynamic|range=full,standing,dumbbell,elbow-flexion,alternating,incline,isolation,biceps;brachialis
free-exercise-db,Alternating_Cable_Shoulder_Press,Alternating Cable Shoulder Press,OMEN-0.2-YQAXH36I55JJI,cable alternating vertical-push,posture=standing|implement=cable|attachment=none|grip_orientation=pronated|grip_width=standard|laterality=alternating|pattern=vertical-push|angle=flat|contraction=dynamic|range=full,standing,cable,vertical-push,alternating,flat,compound,anterior-deltoid;triceps;upper-pectoralis
free-exercise-db,Alternating_Deltoid_Raise,Alternating Deltoid Raise,OMEN-0.2-YOQPJBRSGRBTU,dumbbell alternating shoulder-abduction,posture=standing|implement=dumbbell|attachment=none|grip_orientation=neutral|grip_width=standard|laterality=alternating|pattern=shoulder-abduction|angle=flat|contraction=dynamic|range=full,standing,dumbbell,shoulder-abduction,alternating,flat,isolation,lateral-deltoid
free-exercise-db,Alternating_Floor_Press,Alternating Floor Press,OMEN-0.2-WWYG3PAL2J6OY,kettlebell alternating horizontal-push,posture=supine|implement=kettlebell|attachment=none|grip_orientation=pronated|grip_width=standard|laterality=alternating|pattern=horizontal-push|angle=flat|contraction=dynamic|range=full,supine,kettlebell,horizontal-push,alternating,flat,compound,pectoralis-major;anterior-deltoid;triceps
free-exercise-db,Alternating_Kettlebell_Press,Alternating Kettlebell Press,OMEN-0.2-5WHG4UIUU5HN4,kettlebell alternating vertical-push,posture=standing|implement=kettlebell|attachment=none|grip_orientation=pronated|grip_width=standard|laterality=alternating|pattern=vertical-push|angle=flat|contraction=dynamic|range=full,standing,kettlebell,vertical-push,alternating,flat,compound,anterior-deltoid;triceps;upper-pectoralis
free-exercise-db,Alternating_Kettlebell_Row,Alternating Kettlebell Row,OMEN-0.2-C3ULEZ75QZW4S,kettlebell alternating horizontal-pull,posture=bent-over|implement=kettlebell|attachment=none|grip_orientation=pronated|grip_width=standard|laterality=alternating|pattern=horizontal-pull|angle=flat|contraction=dynamic|range=full,bent-over,kettlebell,horizontal-pull,alternating,flat,compound,latissimus-dorsi;rhomboids;mid-trapezius;posterior-deltoid
free-exercise-db,Alternating_Renegade_Row,Alternating Renegade Row,OMEN-0.2-C3ULEZ75QZW4S,kettlebell alternating horizontal-pull,posture=bent-over|implement=kettlebell|attachment=none|grip_orientation=pronated|grip_width=standard|laterality=alternating|pattern=horizontal-pull|angle=flat|contraction=dynamic|range=full,bent-over,kettlebell,horizontal-pull,alternating,flat,compound,latissimus-dorsi;rhomboids;mid-trapezius;posterior-deltoid
free-exercise-db,Anti-Gravity_Press,Anti-Gravity Press,OMEN-0.2-QGKZEQ6ZHHXGQ,barbell vertical-push,posture=standing|implement=barbell|attachment=none|grip_orientation=pronated|grip_width=standard|laterality=bilateral|pattern=vertical-push|angle=flat|contraction=dynamic|range=full,standing,barbell,vertical-push,bilateral,flat,compound,anterior-deltoid;triceps;upper-pectoralis
free-exercise-db,Arnold_Dumbbell_Press,Arnold Dumbbell Press,OMEN-0.2-QPXDT4WQ2KFYE,dumbbell vertical-push,posture=standing|implement=dumbbell|attachment=none|grip_orientation=pronated|grip_width=standard|laterality=bilateral|pattern=vertical-push|angle=flat|contraction=dynamic|range=full,standing,dumbbell,vertical-push,bilateral,flat,compound,anterior-deltoid;triceps;upper-pectoralis
free-exercise-db,Around_The_Worlds,Around The Worlds,OMEN-0.2-KYBGMXCO33UC2,dumbbell horizontal-push,posture=supine|implement=dumbbell|attachment=none|grip_orientation=pronated|grip_width=standard|laterality=bilateral|pattern=horizontal-push|angle=flat|contraction=dynamic|range=full,supine,dumbbell,horizontal-push,bilateral,flat,compound,pectoralis-major;anterior-deltoid;triceps
free-exercise-db,Atlas_Stone_Trainer,Atlas Stone Trainer,OMEN-0.2-XPFTQQMVR4656,atlas-stone hip-hinge,posture=standing|implement=atlas-stone|attachment=none|grip_orientation=neutral|grip_width=standard|laterality=bilateral|pattern=hip-hinge|angle=flat|contraction=dynamic|range=full,standing,atlas-stone,hip-hinge,bilateral,flat,compound,gluteus-maximus;hamstrings;erector-spinae
free-exercise-db,Atlas_Stones,Atlas Stones,OMEN-0.2-XPFTQQMVR4656,atlas-stone hip-hinge,posture=standing|implement=atlas-stone|attachment=none|grip_orientation=neutral|grip_width=standard|laterality=bilateral|pattern=hip-hinge|angle=flat|contraction=dynamic|range=full,standing,atlas-stone,hip-hinge,bilateral,flat,compound,gluteus-maximus;hamstrings;erector-spinae
free-exercise-db,Back_Flyes_-_With_Bands,Back Flyes - With Bands,OMEN-0.2-FAXMK67VQDC4M,band shoulder-horizontal-adduction,posture=standing|implement=band|attachment=none|grip_orientation=neutral|grip_width=standard|laterality=bilateral|pattern=shoulder-horizontal-adduction|angle=flat|contraction=dynamic|range=full,standing,band,shoulder-horizontal-adduction,bilateral,flat,isolation,pectoralis-major
free-exercise-db,Ball_Leg_Curl,Ball Leg Curl,OMEN-0.2-FQ5VJF7SWWXBI,stability-ball knee-flexion,posture=prone|implement=stability-ball|attachment=none|grip_orientation=neutral|grip_width=standard|laterality=bilateral|pattern=knee-flexion|angle=flat|contraction=dynamic|range=full,prone,stability-ball,knee-flexion,bilateral,flat,isolation,hamstrings
free-exercise-db,Band_Assisted_Pull-Up,Band Assisted Pull-Up,OMEN-0.2-5JMEVRJFDFTGO,band vertical-pull,posture=hanging|implement=band|attachment=none|grip_orientation=pronated|grip_width=standard|laterality=bilateral|pattern=vertical-pull|angle=flat|contraction=dynamic|range=full,hanging,band,vertical-pull,bilateral,flat,compound,latissimus-dorsi;teres-major
free-exercise-db,Band_Good_Morning,Band Good Morning,OMEN-0.2-JDNZUY7P2OSI4,band hip-hinge,posture=standing|implement=band|attachment=none|grip_orientation=neutral|grip_width=standard|laterality=bilateral|pattern=hip-hinge|angle=flat|contraction=dynamic|range=full,standing,band,hip-hinge,bilateral,flat,compound,gluteus-maximus;hamstrings;erector-spinae
free-exercise-db,Band_Good_Morning_Pull_Through,Band Good Morning (Pull Through),OMEN-0.2-JDNZUY7P2OSI4,band hip-hinge,posture=standing|implement=band|attachment=none|grip_orientation=neutral|grip_width=standard|laterality=bilateral|pattern=hip-hinge|angle=flat|contraction=dynamic|range=full,standing,band,hip-hinge,bilateral,flat,compound,gluteus-maximus;hamstrings;erector-spinae
free-exercise-db,Band_Hip_Adductions,Band Hip Adductions,OMEN-0.2-FRS6VRHCTA3VQ,band hip-adduction,posture=seated|implement=band|attachment=none|grip_orientation=neutral|grip_width=standard|laterality=bilateral|pattern=hip-adduction|angle=flat|contraction=dynamic|range=full,seated,band,hip-adduction,bilateral,flat,isolation,adductors
free-exercise-db,Band_Pull_Apart,Band Pull Apart,OMEN-0.2-RXMJBUACCNGTU,band shoulder-abduction,posture=standing|implement=band|attachment=none|grip_orientation=neutral|grip_width=standard|laterality=bilateral|pattern=shoulder-abduction|angle=flat|contraction=dynamic|range=full,standing,band,shoulder-abduction,bilateral,flat,isolation,lateral-deltoid
free-exercise-db,Band_Skull_Crusher,Band Skull Crusher,OMEN-0.2-ECOKSVS3E6OQW,band elbow-extension,posture=standing|implement=band|attachment=none|grip_orientation=pronated|grip_width=standard|laterality=bilateral|pattern=elbow-extension|angle=flat|contraction=dynamic|range=full,standing,band,elbow-extension,bilateral,flat,isolation,triceps
free-exercise-db,Barbell_Ab_Rollout,Barbell Ab Rollout,OMEN-0.2-GPSQVHE2ANZFM,barbell anti-extension,posture=prone|implement=barbell|attachment=none|grip_orientation=neutral|grip_width=standard|laterality=bilateral|pattern=anti-extension|angle=flat|contraction=dynamic|range=full,prone,barbell,anti-extension,bilateral,flat,isolation,rectus-abdominis
free-exercise-db,Barbell_Ab_Rollout_-_On_Knees,Barbell Ab Rollout - On Knees,OMEN-0.2-GPSQVHE2ANZFM,barbell anti-extension,posture=prone|implement=barbell|attachment=none|grip_orientation=neutral|grip_width=standard|laterality=bilateral|pattern=anti-extension|angle=flat|contraction=dynamic|range=full,prone,barbell,anti-extension,bilateral,flat,isolation,rectus-abdominis
free-exercise-db,Barbell_Bench_Press_-_Medium_Grip,Barbell Bench Press - Medium Grip,OMEN-0.2-VRQRJHQSX5NX6,barbell horizontal-push,posture=supine|implement=barbell|attachment=none|grip_orientation=pronated|grip_width=standard|laterality=bilateral|pattern=horizontal-push|angle=flat|contraction=dynamic|range=full,supine,barbell,horizontal-push,bilateral,flat,compound,pectoralis-major;anterior-deltoid;triceps
free-exercise-db,Barbell_Curl,Barbell Curl,OMEN-0.2-VS436TATXEDMG,barbell elbow-flexion,posture=standing|implement=barbell|attachment=none|grip_orientation=supinated|grip_width=standard|laterality=bilateral|pattern=elbow-flexion|angle=flat|contraction=dynamic|range=full,standing,barbell,elbow-flexion,bilateral,flat,isolation,biceps;brachialis
free-exercise-db,Barbell_Curls_Lying_Against_An_Incline,Barbell Curls Lying Against An Incline,OMEN-0.2-ZV7TYD6G4A23W,incline barbell elbow-flexion,posture=supine|implement=barbell|attachment=none|grip_orientation=supinated|grip_width=standard|laterality=bilateral|pattern=elbow-flexion|angle=incline|contraction=dynamic|range=full,supine,barbell,elbow-flexion,bilateral,incline,isolation,biceps;brachialis
free-exercise-db,Barbell_Deadlift,Barbell Deadlift,OMEN-0.2-K5R5GCRCMTPDE,barbell hip-hinge,posture=standing|implement=barbell|attachment=none|grip_orientation=neutral|grip_width=standard|laterality=bilateral|pattern=hip-hinge|angle=flat|contraction=dynamic|range=full,standing,barbell,hip-hinge,bilateral,flat,compound,gluteus-maximus;hamstrings;erector-spinae
free-exercise-db,Barbell_Full_Squat,Barbell Full Squat,OMEN-0.2-HWYDOFIMW3MXQ,barbell squat,posture=standing|implement=barbell|attachment=none|grip_orientation=neutral|grip_width=standard|laterality=bilateral|pattern=squat|angle=flat|contraction=dynamic|range=full,standing,barbell,squat,bilateral,flat,compound,quadriceps;gluteus-maximus
free-exercise-db,Barbell_Glute_Bridge,Barbell Glute Bridge,OMEN-0.2-IPJFCCPPBVL2E,barbell hip-extension,posture=supine|implement=barbell|attachment=none|grip_orientation=neutral|grip_width=standard|laterality=bilateral|pattern=hip-extension|angle=flat|contraction=dynamic|range=full,supine,barbell,hip-extension,bilateral,flat,isolation,gluteus-maximus
free-exercise-db,Barbell_Guillotine_Bench_Press,Barbell Guillotine Bench Press,OMEN-0.2-VRQRJHQSX5NX6,barbell horizontal-push,posture=supine|implement=barbell|attachment=none|grip_orientation=pronated|grip_width=standard|laterality=bilateral|pattern=horizontal-push|angle=flat|contraction=dynamic|range=full,supine,barbell,horizontal-push,bilateral,flat,compound,pectoralis-major;anterior-deltoid;triceps
free-exercise-db,Barbell_Hack_Squat,Barbell Hack Squat,OMEN-0.2-HWYDOFIMW3MXQ,barbell squat,posture=standing|implement=barbell|attachment=none|grip_orientation=neutral|grip_width=standard|laterality=bilateral|pattern=squat|angle=flat|contraction=dynamic|range=full,standing,barbell,squat,bilateral,flat,compound,quadriceps;gluteus-maximus
free-exercise-db,Barbell_Hip_Thrust,Barbell Hip Thrust,OMEN-0.2-IPJFCCPPBVL2E,barbell hip-extension,posture=supine|implement=barbell|attachment=none|grip_orientation=neutral|grip_width=standard|laterality=bilateral|pattern=hip-extension|angle=flat|contraction=dynamic|range=full,supine,barbell,hip-extension,bilateral,flat,isolation,gluteus-maximus
free-exercise-db,Barbell_Incline_Bench_Press_-_Medium_Grip,Barbell Incline Bench Press - Medium Grip,OMEN-0.2-A4VXXXXCO72LK,incline barbell horizontal-push,posture=supine|implement=barbell|attachment=none|grip_orientation=pronated|grip_width=standard|laterality=bilateral|pattern=horizontal-push|angle=incline|contraction=dynamic|range=full,supine,barbell,horizontal-push,bilateral,incline,compound,pectoralis-major;anterior-deltoid;triceps
free-exercise-db,Barbell_Incline_Shoulder_Raise,Barbell Incline Shoulder Raise,OMEN-0.2-XUZLNQZ2VSZV6,incline barbell vertical-push,posture=standing|implement=barbell|attachment=none|grip_orientation=pronated|grip_width=standard|laterality=bilateral|pattern=vertical-push|angle=incline|contraction=dynamic|range=full,standing,barbell,vertical-push,bilateral,incline,compound,anterior-deltoid;triceps;upper-pectoralis
free-exercise-db,Barbell_Lunge,Barbell Lunge,OMEN-0.2-JDNTB5KOOSCU4,barbell lunge,posture=standing|implement=barbell|attachment=none|grip_orientation=neutral|grip_width=standard|laterality=bilateral|pattern=lunge|angle=flat|contraction=dynamic|range=full,standing,barbell,lunge,bilateral,flat,compound,quadriceps;gluteus-maximus
free-exercise-db,Barbell_Rear_Delt_Row,Barbell Rear Delt Row,OMEN-0.2-EK5SEJOS7ZSDO,barbell shoulder-horizontal-abduction,posture=bent-over|implement=barbell|attachment=none|grip_orientation=neutral|grip_width=standard|laterality=bilateral|pattern=shoulder-horizontal-abduction|angle=flat|contraction=dynamic|range=full,bent-over,barbell,shoulder-horizontal-abduction,bilateral,flat,isolation,posterior-deltoid
free-exercise-db,Barbell_Rollout_from_Bench,Barbell Rollout from Bench,OMEN-0.2-GPSQVHE2ANZFM,barbell anti-extension,posture=prone|implement=barbell|attachment=none|grip_orientation=neutral|grip_width=standard|laterality=bilateral|pattern=anti-extension|angle=flat|contraction=dynamic|range=full,prone,barbell,anti-extension,bilateral,flat,isolation,rectus-abdominis
free-exercise-db,Barbell_Seated_Calf_Raise,Barbell Seated Calf Raise,OMEN-0.2-FUZKL7LNMWVT6,seated barbell plantarflexion,posture=seated|implement=barbell|attachment=none|grip_orientation=neutral|grip_width=standard|laterality=bilateral|pattern=plantarflexion|angle=flat|contraction=dynamic|range=full,seated,barbell,plantarflexion,bilateral,flat,isolation,gastrocnemius;soleus
free-exercise-db,Barbell_Shoulder_Press,Barbell Shoulder Press,OMEN-0.2-QGKZEQ6ZHHXGQ,barbell vertical-push,posture=standing|implement=barbell|attachment=none|grip_orientation=pronated|grip_width=standard|laterality=bilateral|pattern=vertical-push|angle=flat|contraction=dynamic|range=full,standing,barbell,vertical-push,bilateral,flat,compound,anterior-deltoid;triceps;upper-pectoralis
free-exercise-db,Barbell_Shrug,Barbell Shrug,OMEN-0.2-T2IEFOI5QR7IO,barbell scapular-elevation,posture=standing|implement=barbell|attachment=none|grip_orientation=neutral|grip_width=standard|laterality=bilateral|pattern=scapular-elevation|angle=flat|contraction=dynamic|range=full,standing,barbell,scapular-elevation,bilateral,flat,isolation,upper-trapezius
free-exercise-db,Barbell_Shrug_Behind_The_Back,Barbell Shrug Behind The Back,OMEN-0.2-T2IEFOI5QR7IO,barbell scapular-elevation,posture=standing|implement=barbell|attachment=none|grip_orientation=neutral|grip_width=standard|laterality=bilateral|pattern=scapular-elevation|angle=flat|contraction=dynamic|range=full,standing,barbell,scapular-elevation,bilateral,flat,isolation,upper-trapezius
free-exercise-db,Barbell_Side_Bend,Barbell Side Bend,OMEN-0.2-LOG47WWCBLMUY,barbell spinal-lateral-flexion,posture=standing|implement=barbell|attachment=none|grip_orientation=neutral|grip_width=standard|laterality=bilateral|pattern=spinal-lateral-flexion|angle=flat|contraction=dynamic|range=full,standing,barbell,spinal-lateral-flexion,bilateral,flat,isolation,obliques
free-exercise-db,Barbell_Side_Split_Squat,Barbell Side Split Squat,OMEN-0.2-JDNTB5KOOSCU4,barbell lunge,posture=standing|implement=barbell|attachment=none|grip_orientation=neutral|grip_width=standard|laterality=bilateral|pattern=lunge|angle=flat|contraction=dynamic|range=full,standing,barbell,lunge,bilateral,flat,compound,quadriceps;gluteus-maximus
free-exercise-db,Barbell_Squat,Barbell Squat,OMEN-0.2-HWYDOFIMW3MXQ,barbell squat,posture=standing|implement=barbell|attachment=none|grip_orientation=neutral|grip_width=standard|laterality=bilateral|pattern=squat|angle=flat|contraction=dynamic|range=full,standing,barbell,squat,bilateral,flat,compound,quadriceps;gluteus-maximus
free-exercise-db,Barbell_Squat_To_A_Bench,Barbell Squat To A Bench,OMEN-0.2-HWYDOFIMW3MXQ,barbell squat,posture=standing|implement=barbell|attachment=none|grip_orientation=neutral|grip_width=standard|laterality=bilateral|pattern=squat|angle=flat|contraction=dynamic|range=full,standing,barbell,squat,bilateral,flat,compound,quadriceps;gluteus-maximus
free-exercise-db,Barbell_Step_Ups,Barbell Step Ups,OMEN-0.2-HWYDOFIMW3MXQ,barbell squat,posture=standing|implement=barbell|attachment=none|grip_orientation=neutral|grip_width=standard|laterality=bilateral|pattern=squat|angle=flat|contraction=dynamic|range=full,standing,barbell,squat,bilateral,flat,compound,quadriceps;gluteus-maximus
free-exercise-db,Barbell_Walking_Lunge,Barbell Walking Lunge,OMEN-0.2-JDNTB5KOOSCU4,barbell lunge,posture=standing|implement=barbell|attachment=none|grip_orientation=neutral|grip_width=standard|laterality=bilateral|pattern=lunge|angle=flat|contraction=dynamic|range=full,standing,barbell,lunge,bilateral,flat,compound,quadriceps;gluteus-maximus
free-exercise-db,Bear_Crawl_Sled_Drags,Bear Crawl Sled Drags,OMEN-0.2-PUXI2XFYH6Y74,sled squat,posture=standing|implement=sled|attachment=none|grip_orientation=neutral|grip_width=standard|laterality=bilateral|pattern=squat|angle=flat|contraction=dynamic|range=full,standing,sled,squat,bilateral,flat,compound,quadriceps;gluteus-maximus
free-exercise-db,Bench_Dips,Bench Dips,OMEN-0.2-NLGPA4CDJVIXG,elbow-extension,posture=standing|implement=bodyweight|attachment=none|grip_orientation=pronated|grip_width=standard|laterality=bilateral|pattern=elbow-extension|angle=flat|contraction=dynamic|range=full,standing,bodyweight,elbow-extension,bilateral,flat,isolation,triceps
free-exercise-db,Bench_Press_-_Powerlifting,Bench Press - Powerlifting,OMEN-0.2-VRQRJHQSX5NX6,barbell horizontal-push,posture=supine|implement=barbell|attachment=none|grip_orientation=pronated|grip_width=standard|laterality=bilateral|pattern=horizontal-push|angle=flat|contraction=dynamic|range=full,supine,barbell,horizontal-push,bilateral,flat,compound,pectoralis-major;anterior-deltoid;triceps
free-exercise-db,Bench_Press_-_With_Bands,Bench Press - With Bands,OMEN-0.2-6YKFCJFKK2P4U,band horizontal-push,posture=supine|implement=band|attachment=none|grip_orientation=pronated|grip_width=standard|laterality=bilateral|pattern=horizontal-push|angle=flat|contraction=dynamic|range=full,supine,band,horizontal-push,bilateral,flat,compound,pectoralis-major;anterior-deltoid;triceps
free-exercise-db,Bench_Press_with_Chains,Bench Press with Chains,OMEN-0.2-VRQRJHQSX5NX6,barbell horizontal-push,posture=supine|implement=barbell|attachment=none|grip_orientation=pronated|grip_width=standard|laterality=bilateral|pattern=horizontal-push|angle=flat|contraction=dynamic|range=full,supine,barbell,horizontal-push,bilateral,flat,compound,pectoralis-major;anterior-deltoid;triceps
free-exercise-db,Bent-Arm_Barbell_Pullover,Bent-Arm Barbell Pullover,OMEN-0.2-UKK4UNFEWOHEE,barbell shoulder-extension,posture=standing|implement=barbell|attachment=none|grip_orientation=neutral|grip_width=standard|laterality=bilateral|pattern=shoulder-extension|angle=flat|contraction=dynamic|range=full,standing,barbell,shoulder-extension,bilateral,flat,isolation,latissimus-dorsi;teres-major
free-exercise-db,Bent-Arm_Dumbbell_Pullover,Bent-Arm Dumbbell Pullover,OMEN-0.2-45PQUSN4LC2NE,dumbbell shoulder-extension,posture=standing|implement=dumbbell|attachment=none|grip_orientation=neutral|grip_width=standard|laterality=bilateral|pattern=shoulder-extension|angle=flat|contraction=dynamic|range=full,standing,dumbbell,shoulder-extension,bilateral,flat,isolation,latissimus-dorsi;teres-major
free-exercise-db,Bent-Knee_Hip_Raise,Bent-Knee Hip Raise,OMEN-0.2-NEBO6LLZQU252,spinal-flexion,posture=supine|implement=bodyweight|attachment=none|grip_orientation=neutral|grip_width=standard|laterality=bilateral|pattern=spinal-flexion|angle=flat|contraction=dynamic|range=full,supine,bodyweight,spinal-flexion,bilateral,flat,isolation,rectus-abdominis
free-exercise-db,Bent_Over_Barbell_Row,Bent Over Barbell Row,OMEN-0.2-Z6KBRILLL7SBK,barbell horizontal-pull,posture=bent-over|implement=barbell|attachment=none|grip_orientation=pronated|grip_width=standard|laterality=bilateral|pattern=horizontal-pull|angle=flat|contraction=dynamic|range=full,bent-over,barbell,horizontal-pull,bilateral,flat,compound,latissimus-dorsi;rhomboids;mid-trapezius;posterior-deltoid
free-exercise-db,Bent_Over_Dumbbell_Rear_Delt_Raise_With_Head_On_Bench,Bent Over Dumbbell Rear Delt Raise With Head On Bench,OMEN-0.2-FLIFVZAHTGNZC,dumbbell shoulder-horizontal-abduction,posture=bent-over|implement=dumbbell|attachment=none|grip_orientation=neutral|grip_width=standard|laterality=bilateral|pattern=shoulder-horizontal-abduction|angle=flat|contraction=dynamic|range=full,bent-over,dumbbell,shoulder-horizontal-abduction,bilateral,flat,isolation,posterior-deltoid
free-exercise-db,Bent_Over_Low-Pulley_Side_Lateral,Bent Over Low-Pulley Side Lateral,OMEN-0.2-GIPUU7BJR67JE,cable shoulder-abduction,posture=bent-over|implement=cable|attachment=none|grip_orientation=neutral|grip_width=standard|laterality=bilateral|pattern=shoulder-abduction|angle=flat|contraction=dynamic|range=full,bent-over,cable,shoulder-abduction,bilateral,flat,isolation,lateral-deltoid
free-exercise-db,Bent_Over_One-Arm_Long_Bar_Row,Bent Over One-Arm Long Bar Row,OMEN-0.2-SWGXN6OTDUI5Y,barbell unilateral horizontal-pull,posture=bent-over|implement=barbell|attachment=none|grip_orientation=pronated|grip_width=standard|laterality=unilateral|pattern=horizontal-pull|angle=flat|contraction=dynamic|range=full,bent-over,barbell,horizontal-pull,unilateral,flat,compound,latissimus-dorsi;rhomboids;mid-trapezius;posterior-deltoid
free-exercise-db,Bent_Over_Two-Arm_Long_Bar_Row,Bent Over Two-Arm Long Bar Row,OMEN-0.2-Z6KBRILLL7SBK,barbell horizontal-pull,posture=bent-over|implement=barbell|attachment=none|grip_orientation=pronated|grip_width=standard|laterality=bilateral|pattern=horizontal-pull|angle=flat|contraction=dynamic|range=full,bent-over,barbell,horizontal-pull,bilateral,flat,compound,latissimus-dorsi;rhomboids;mid-trapezius;posterior-deltoid
free-exercise-db,Bent_Over_Two-Dumbbell_Row,Bent Over Two-Dumbbell Row,OMEN-0.2-ZG4E7VF4WUNVS,dumbbell horizontal-pull,posture=bent-over|implement=dumbbell|attachment=none|grip_orientation=pronated|grip_width=standard|laterality=bilateral|pattern=horizontal-pull|angle=flat|contraction=dynamic|range=full,bent-over,dumbbell,horizontal-pull,bilateral,flat,compound,latissimus-dorsi;rhomboids;mid-trapezius;posterior-deltoid
free-exercise-db,Bent_Over_Two-Dumbbell_Row_With_Palms_In,Bent Over Two-Dumbbell Row With Palms In,OMEN-0.2-ZG4E7VF4WUNVS,dumbbell horizontal-pull,posture=bent-over|implement=dumbbell|attachment=none|grip_orientation=pronated|grip_width=standard|laterality=bilateral|pattern=horizontal-pull|angle=flat|contraction=dynamic|range=full,bent-over,dumbbell,horizontal-pull,bilateral,flat,compound,latissimus-dorsi;rhomboids;mid-trapezius;posterior-deltoid
free-exercise-db,Bent_Press,Bent Press,OMEN-0.2-2OIWIU7HL3XGY,kettlebell vertical-push,posture=standing|implement=kettlebell|attachment=none|grip_orientation=pronated|grip_width=standard|laterality=bilateral|pattern=vertical-push|angle=flat|contraction=dynamic|range=full,standing,kettlebell,vertical-push,bilateral,flat,compound,anterior-deltoid;triceps;upper-pectoralis
free-exercise-db,Board_Press,Board Press,OMEN-0.2-QGKZEQ6ZHHXGQ,barbell vertical-push,posture=standing|implement=barbell|attachment=none|grip_orientation=pronated|grip_width=standard|laterality=bilateral|pattern=vertical-push|angle=flat|contraction=dynamic|range=full,standing,barbell,vertical-push,bilateral,flat,compound,anterior-deltoid;triceps;upper-pectoralis
free-exercise-db,Body-Up,Body-Up,OMEN-0.2-NLGPA4CDJVIXG,elbow-extension,posture=standing|implement=bodyweight|attachment=none|grip_orientation=pronated|grip_width=standard|laterality=bilateral|pattern=elbow-extension|angle=flat|contraction=dynamic|range=full,standing,bodyweight,elbow-extension,bilateral,flat,isolation,triceps
free-exercise-db,Body_Tricep_Press,Body Tricep Press,OMEN-0.2-HAJB3SN7EQEPY,vertical-push,posture=standing|implement=bodyweight|attachment=none|grip_orientation=pronated|grip_width=standard|laterality=bilateral|pattern=vertical-push|angle=flat|contraction=dynamic|range=full,standing,bodyweight,vertical-push,bilateral,flat,compound,anterior-deltoid;triceps;upper-pectoralis
free-exercise-db,Bodyweight_Flyes,Bodyweight Flyes,OMEN-0.2-WIJS77ULMNROW,ez-bar shoulder-horizontal-adduction,posture=standing|implement=ez-bar|attachment=none|grip_orientation=neutral|grip_width=standard|laterality=bilateral|pattern=shoulder-horizontal-adduction|angle=flat|contraction=dynamic|range=full,standing,ez-bar,shoulder-horizontal-adduction,bilateral,flat,isolation,pectoralis-major
free-exercise-db,Bodyweight_Mid_Row,Bodyweight Mid Row,OMEN-0.2-4XCYCGG6QT2QY,horizontal-pull,posture=bent-over|implement=bodyweight|attachment=none|grip_orientation=pronated|grip_width=standard|laterality=bilateral|pattern=horizontal-pull|angle=flat|contraction=dynamic|range=full,bent-over,bodyweight,horizontal-pull,bilateral,flat,compound,latissimus-dorsi;rhomboids;mid-trapezius;posterior-deltoid
free-exercise-db,Bodyweight_Squat,Bodyweight Squat,OMEN-0.2-KZ7HKC5U32MXG,squat,posture=standing|implement=bodyweight|attachment=none|grip_orientation=neutral|grip_width=standard|laterality=bilateral|pattern=squat|angle=flat|contraction=dynamic|range=full,standing,bodyweight,squat,bilateral,flat,compound,quadriceps;gluteus-maximus
free-exercise-db,Bodyweight_Walking_Lunge,Bodyweight Walking Lunge,OMEN-0.2-IGTQKXOJNRPSE,lunge,posture=standing|implement=bodyweight|attachment=none|grip_orientation=neutral|grip_width=standard|laterality=bilateral|pattern=lunge|angle=flat|contraction=dynamic|range=full,standing,bodyweight,lunge,bilateral,flat,compound,quadriceps;gluteus-maximus
free-exercise-db,Bosu_Ball_Cable_Crunch_With_Side_Bends,Bosu Ball Cable Crunch With Side Bends,OMEN-0.2-USSPX2M5Q3TLI,cable spinal-lateral-flexion,posture=standing|implement=cable|attachment=none|grip_orientation=neutral|grip_width=standard|laterality=bilateral|pattern=spinal-lateral-flexion|angle=flat|contraction=dynamic|range=full,standing,cable,spinal-lateral-flexion,bilateral,flat,isolation,obliques
free-exercise-db,Bottoms_Up,Bottoms Up,OMEN-0.2-NEBO6LLZQU252,spinal-flexion,posture=supine|implement=bodyweight|attachment=none|grip_orientation=neutral|grip_width=standard|laterality=bilateral|pattern=spinal-flexion|angle=flat|contraction=dynamic|range=full,supine,bodyweight,spinal-flexion,bilateral,flat,isolation,rectus-abdominis
free-exercise-db,Box_Squat,Box Squat,OMEN-0.2-HWYDOFIMW3MXQ,barbell squat,posture=standing|implement=barbell|attachment=none|grip_orientation=neutral|grip_width=standard|laterality=bilateral|pattern=squat|angle=flat|contraction=dynamic|range=full,standing,barbell,squat,bilateral,flat,compound,quadriceps;gluteus-maximus
free-exercise-db,Box_Squat_with_Bands,Box Squat with Bands,OMEN-0.2-HWYDOFIMW3MXQ,barbell squat,posture=standing|implement=barbell|attachment=none|grip_orientation=neutral|grip_width=standard|laterality=bilateral|pattern=squat|angle=flat|contraction=dynamic|range=full,standing,barbell,squat,bilateral,flat,compound,quadriceps;gluteus-maximus
free-exercise-db,Box_Squat_with_Chains,Box Squat with Chains,OMEN-0.2-HWYDOFIMW3MXQ,barbell squat,posture=standing|implement=barbell|attachment=none|grip_orientation=neutral|grip_width=standard|laterality=bilateral|pattern=squat|angle=flat|contraction=dynamic|range=full,standing,barbell,squat,bilateral,flat,compound,quadriceps;gluteus-maximus
free-exercise-db,Bradford_Rocky_Presses,Bradford/Rocky Presses,OMEN-0.2-QGKZEQ6ZHHXGQ,barbell vertical-push,posture=standing|implement=barbell|attachment=none|grip_orientation=pronated|grip_width=standard|laterality=bilateral|pattern=vertical-push|angle=flat|contraction=dynamic|range=full,standing,barbell,vertical-push,bilateral,flat,compound,anterior-deltoid;triceps;upper-pectoralis
free-exercise-db,Butt-Ups,Butt-Ups,OMEN-0.2-NEBO6LLZQU252,spinal-flexion,posture=supine|implement=bodyweight|attachment=none|grip_orientation=neutral|grip_width=standard|laterality=bilateral|pattern=spinal-flexion|angle=flat|contraction=dynamic|range=full,supine,bodyweight,spinal-flexion,bilateral,flat,isolation,rectus-abdominis
free-exercise-db,Butt_Lift_Bridge,Butt Lift (Bridge),OMEN-0.2-W465DMCUMO2WG,hip-extension,posture=supine|implement=bodyweight|attachment=none|grip_orientation=neutral|grip_width=standard|laterality=bilateral|pattern=hip-extension|angle=flat|contraction=dynamic|range=full,supine,bodyweight,hip-extension,bilateral,flat,isolation,gluteus-maximus
free-exercise-db,Butterfly,Butterfly,OMEN-0.2-3UPZ3OXB2RIYC,machine horizontal-push,posture=supine|implement=machine|attachment=none|grip_orientation=pronated|grip_width=standard|laterality=bilateral|pattern=horizontal-push|angle=flat|contraction=dynamic|range=full,supine,machine,horizontal-push,bilateral,flat,compound,pectoralis-major;anterior-deltoid;triceps
free-exercise-db,Cable_Chest_Press,Cable Chest Press,OMEN-0.2-WUA6WN6MDFNDS,cable horizontal-push,posture=supine|implement=cable|attachment=none|grip_orientation=pronated|grip_width=standard|laterality=bilateral|pattern=horizontal-push|angle=flat|contraction=dynamic|range=full,supine,cable,horizontal-push,bilateral,flat,compound,pectoralis-major;anterior-deltoid;triceps
free-exercise-db,Cable_Crossover,Cable Crossover,OMEN-0.2-WUA6WN6MDFNDS,cable horizontal-push,posture=supine|implement=cable|attachment=none|grip_orientation=pronated|grip_width=standard|laterality=bilateral|pattern=horizontal-push|angle=flat|contraction=dynamic|range=full,supine,cable,horizontal-push,bilateral,flat,compound,pectoralis-major;anterior-deltoid;triceps
free-exercise-db,Cable_Crunch,Cable Crunch,OMEN-0.2-FGX2X7E3URDOQ,cable spinal-flexion,posture=supine|implement=cable|attachment=none|grip_orientation=neutral|grip_width=standard|laterality=bilateral|pattern=spinal-flexion|angle=flat|contraction=dynamic|range=full,supine,cable,spinal-flexion,bilateral,flat,isolation,rectus-abdominis
free-exercise-db,Cable_Deadlifts,Cable Deadlifts,OMEN-0.2-D4WU5U2R5EEXW,cable hip-hinge,posture=standing|implement=cable|attachment=none|grip_orientation=neutral|grip_width=standard|laterality=bilateral|pattern=hip-hinge|angle=flat|contraction=dynamic|range=full,standing,cable,hip-hinge,bilateral,flat,compound,gluteus-maximus;hamstrings;erector-spinae
free-exercise-db,Cable_Hammer_Curls_-_Rope_Attachment,Cable Hammer Curls - Rope Attachment,OMEN-0.2-PIFINL2KYWPFI,rope cable neutral elbow-flexion,posture=standing|implement=cable|attachment=rope|grip_orientation=neutral|grip_width=standard|laterality=bilateral|pattern=elbow-flexion|angle=flat|contraction=dynamic|range=full,standing,cable,elbow-flexion,bilateral,flat,isolation,biceps;brachialis
free-exercise-db,Cable_Hip_Adduction,Cable Hip Adduction,OMEN-0.2-U253JCQS7Q4ZS,cable hip-adduction,posture=seated|implement=cable|attachment=none|grip_orientation=neutral|grip_width=standard|laterality=bilateral|pattern=hip-adduction|angle=flat|contraction=dynamic|range=full,seated,cable,hip-adduction,bilateral,flat,isolation,adductors
free-exercise-db,Cable_Incline_Pushdown,Cable Incline Pushdown,OMEN-0.2-ULCDT7QIGRNV6,incline cable elbow-extension,posture=standing|implement=cable|attachment=none|grip_orientation=pronated|grip_width=standard|laterality=bilateral|pattern=elbow-extension|angle=incline|contraction=dynamic|range=full,standing,cable,elbow-extension,bilateral,incline,isolation,triceps
free-exercise-db,Cable_Incline_Triceps_Extension,Cable Incline Triceps Extension,OMEN-0.2-ULCDT7QIGRNV6,incline cable elbow-extension,posture=standing|implement=cable|attachment=none|grip_orientation=pronated|grip_width=standard|laterality=bilateral|pattern=elbow-extension|angle=incline|contraction=dynamic|range=full,standing,cable,elbow-extension,bilateral,incline,isolation,triceps
free-exercise-db,Cable_Internal_Rotation,Cable Internal Rotation,OMEN-0.2-F6OLKMTAA2W2I,cable shoulder-internal-rotation,posture=standing|implement=cable|attachment=none|grip_orientation=neutral|grip_width=standard|laterality=bilateral|pattern=shoulder-internal-rotation|angle=flat|contraction=dynamic|range=full,standing,cable,shoulder-internal-rotation,bilateral,flat,isolation,subscapularis
free-exercise-db,Cable_Iron_Cross,Cable Iron Cross,OMEN-0.2-WUA6WN6MDFNDS,cable horizontal-push,posture=supine|implement=cable|attachment=none|grip_orientation=pronated|grip_width=standard|laterality=bilateral|pattern=horizontal-push|angle=flat|contraction=dynamic|range=full,supine,cable,horizontal-push,bilateral,flat,compound,pectoralis-major;anterior-deltoid;triceps
free-exercise-db,Cable_Judo_Flip,Cable Judo Flip,OMEN-0.2-FGX2X7E3URDOQ,cable spinal-flexion,posture=supine|implement=cable|attachment=none|grip_orientation=neutral|grip_width=standard|laterality=bilateral|pattern=spinal-flexion|angle=flat|contraction=dynamic|range=full,supine,cable,spinal-flexion,bilateral,flat,isolation,rectus-abdominis
free-exercise-db,Cable_Lying_Triceps_Extension,Cable Lying Triceps Extension,OMEN-0.2-REBYPKA54O3EU,cable elbow-extension,posture=supine|implement=cable|attachment=none|grip_orientation=pronated|grip_width=standard|laterality=bilateral|pattern=elbow-extension|angle=flat|contraction=dynamic|range=full,supine,cable,elbow-extension,bilateral,flat,isolation,triceps
free-exercise-db,Cable_One_Arm_Tricep_Extension,Cable One Arm Tricep Extension,OMEN-0.2-ZASNKFPNICBCY,cable elbow-extension,posture=standing|implement=cable|attachment=none|grip_orientation=pronated|grip_width=standard|laterality=bilateral|pattern=elbow-extension|angle=flat|contraction=dynamic|range=full,standing,cable,elbow-extension,bilateral,flat,isolation,triceps
free-exercise-db,Cable_Preacher_Curl,Cable Preacher Curl,OMEN-0.2-EBZSPGSXRM5AU,cable elbow-flexion,posture=standing|implement=cable|attachment=none|grip_orientation=supinated|grip_width=standard|laterality=bilateral|pattern=elbow-flexion|angle=flat|contraction=dynamic|range=full,standing,cable,elbow-flexion,bilateral,flat,isolation,biceps;brachialis
free-exercise-db,Cable_Rear_Delt_Fly,Cable Rear Delt Fly,OMEN-0.2-DDKAKR7SIYZEC,cable shoulder-horizontal-abduction,posture=bent-over|implement=cable|attachment=none|grip_orientation=neutral|grip_width=standard|laterality=bilateral|pattern=shoulder-horizontal-abduction|angle=flat|contraction=dynamic|range=full,bent-over,cable,shoulder-horizontal-abduction,bilateral,flat,isolation,posterior-deltoid
free-exercise-db,Cable_Reverse_Crunch,Cable Reverse Crunch,OMEN-0.2-FGX2X7E3URDOQ,cable spinal-flexion,posture=supine|implement=cable|attachment=none|grip_orientation=neutral|grip_width=standard|laterality=bilateral|pattern=spinal-flexion|angle=flat|contraction=dynamic|range=full,supine,cable,spinal-flexion,bilateral,flat,isolation,rectus-abdominis
free-exercise-db,Cable_Rope_Overhead_Triceps_Extension,Cable Rope Overhead Triceps Extension,OMEN-0.2-LX2LC34DVHM4I,rope cable elbow-extension,posture=standing|implement=cable|attachment=rope|grip_orientation=pronated|grip_width=standard|laterality=bilateral|pattern=elbow-extension|angle=flat|contraction=dynamic|range=full,standing,cable,elbow-extension,bilateral,flat,isolation,triceps
free-exercise-db,Cable_Rope_Rear-Delt_Rows,Cable Rope Rear-Delt Rows,OMEN-0.2-LUHEJDY4B6QH2,rope cable vertical-push,posture=standing|implement=cable|attachment=rope|grip_orientation=pronated|grip_width=standard|laterality=bilateral|pattern=vertical-push|angle=flat|contraction=dynamic|range=full,standing,cable,vertical-push,bilateral,flat,compound,anterior-deltoid;triceps;upper-pectoralis
free-exercise-db,Cable_Russian_Twists,Cable Russian Twists,OMEN-0.2-KRBUI3N7G7VDK,cable rotation,posture=standing|implement=cable|attachment=none|grip_orientation=neutral|grip_width=standard|laterality=bilateral|pattern=rotation|angle=flat|contraction=dynamic|range=full,standing,cable,rotation,bilateral,flat,isolation,obliques
free-exercise-db,Cable_Seated_Crunch,Cable Seated Crunch,OMEN-0.2-GE4GTWLKGRPMU,cable spinal-flexion,posture=seated|implement=cable|attachment=none|grip_orientation=neutral|grip_width=standard|laterality=bilateral|pattern=spinal-flexion|angle=flat|contraction=dynamic|range=full,seated,cable,spinal-flexion,bilateral,flat,isolation,rectus-abdominis
free-exercise-db,Cable_Seated_Lateral_Raise,Cable Seated Lateral Raise,OMEN-0.2-IQYQQWQWDGLZ6,cable shoulder-abduction,posture=seated|implement=cable|attachment=none|grip_orientation=neutral|grip_width=standard|laterality=bilateral|pattern=shoulder-abduction|angle=flat|contraction=dynamic|range=full,seated,cable,shoulder-abduction,bilateral,flat,isolation,lateral-deltoid
free-exercise-db,Cable_Shoulder_Press,Cable Shoulder Press,OMEN-0.2-CDHWDTRBUX2N2,cable vertical-push,posture=standing|implement=cable|attachment=none|grip_orientation=pronated|grip_width=standard|laterality=bilateral|pattern=vertical-push|angle=flat|contraction=dynamic|range=full,standing,cable,vertical-push,bilateral,flat,compound,anterior-deltoid;triceps;upper-pectoralis
free-exercise-db,Cable_Shrugs,Cable Shrugs,OMEN-0.2-OSS7SXPO2Q5JO,cable scapular-elevation,posture=standing|implement=cable|attachment=none|grip_orientation=neutral|grip_width=standard|laterality=bilateral|pattern=scapular-elevation|angle=flat|contraction=dynamic|range=full,standing,cable,scapular-elevation,bilateral,flat,isolation,upper-trapezius
free-exercise-db,Cable_Wrist_Curl,Cable Wrist Curl,OMEN-0.2-HCDVRF3LRN5CE,cable wrist-flexion,posture=seated|implement=cable|attachment=none|grip_orientation=neutral|grip_width=standard|laterality=bilateral|pattern=wrist-flexion|angle=flat|contraction=dynamic|range=full,seated,cable,wrist-flexion,bilateral,flat,isolation,forearm-flexors
free-exercise-db,Calf-Machine_Shoulder_Shrug,Calf-Machine Shoulder Shrug,OMEN-0.2-GCEW2DJVWK2CW,machine scapular-elevation,posture=standing|implement=machine|attachment=none|grip_orientation=neutral|grip_width=standard|laterality=bilateral|pattern=scapular-elevation|angle=flat|contraction=dynamic|range=full,standing,machine,scapular-elevation,bilateral,flat,isolation,upper-trapezius
free-exercise-db,Calf_Press,Calf Press,OMEN-0.2-6KQ42XMSHPKTO,machine plantarflexion,posture=standing|implement=machine|attachment=none|grip_orientation=neutral|grip_width=standard|laterality=bilateral|pattern=plantarflexion|angle=flat|contraction=dynamic|range=full,standing,machine,plantarflexion,bilateral,flat,isolation,gastrocnemius;soleus
free-exercise-db,Calf_Press_On_The_Leg_Press_Machine,Calf Press On The Leg Press Machine,OMEN-0.2-6KQ42XMSHPKTO,machine plantarflexion,posture=standing|implement=machine|attachment=none|grip_orientation=neutral|grip_width=standard|laterality=bilateral|pattern=plantarflexion|angle=flat|contraction=dynamic|range=full,standing,machine,plantarflexion,bilateral,flat,isolation,gastrocnemius;soleus
free-exercise-db,Calf_Raise_On_A_Dumbbell,Calf Raise On A Dumbbell,OMEN-0.2-6RAD6D5MW6OVS,dumbbell plantarflexion,posture=standing|implement=dumbbell|attachment=none|grip_orientation=neutral|grip_width=standard|laterality=bilateral|pattern=plantarflexion|angle=flat|contraction=dynamic|range=full,standing,dumbbell,plantarflexion,bilateral,flat,isolation,gastrocnemius;soleus
free-exercise-db,Calf_Raises_-_With_Bands,Calf Raises - With Bands,OMEN-0.2-6DD2XIMN4IREW,band plantarflexion,posture=standing|implement=band|attachment=none|grip_orientation=neutral|grip_width=standard|laterality=bilateral|pattern=plantarflexion|angle=flat|contraction=dynamic|range=full,standing,band,plantarflexion,bilateral,flat,isolation,gastrocnemius;soleus
free-exercise-db,Car_Drivers,Car Drivers,OMEN-0.2-J3K6SCTD6BFC6,barbell shoulder-abduction,posture=standing|implement=barbell|attachment=none|grip_orientation=neutral|grip_width=standard|laterality=bilateral|pattern=shoulder-abduction|angle=flat|contraction=dynamic|range=full,standing,barbell,shoulder-abduction,bilateral,flat,isolation,lateral-deltoid
free-exercise-db,Chain_Handle_Extension,Chain Handle Extension,OMEN-0.2-36VRZSWVFVVUK,chain elbow-extension,posture=standing|implement=chain|attachment=none|grip_orientation=pronated|grip_width=standard|laterality=bilateral|pattern=elbow-extension|angle=flat|contraction=dynamic|range=full,standing,chain,elbow-extension,bilateral,flat,isolation,triceps
free-exercise-db,Chain_Press,Chain Press,OMEN-0.2-YQ43QTI2IUJDO,chain vertical-push,posture=standing|implement=chain|attachment=none|grip_orientation=pronated|grip_width=standard|laterality=bilateral|pattern=vertical-push|angle=flat|contraction=dynamic|range=full,standing,chain,vertical-push,bilateral,flat,compound,anterior-deltoid;triceps;upper-pectoralis
free-exercise-db,Chair_Squat,Chair Squat,OMEN-0.2-JR3MWAE5E5CWG,machine squat,posture=standing|implement=machine|attachment=none|grip_orientation=neutral|grip_width=standard|laterality=bilateral|pattern=squat|angle=flat|contraction=dynamic|range=full,standing,machine,squat,bilateral,flat,compound,quadriceps;gluteus-maximus
free-exercise-db,Chin-Up,Chin-Up,OMEN-0.2-L2SHL5OD62KEW,vertical-pull,posture=hanging|implement=bodyweight|attachment=none|grip_orientation=pronated|grip_width=standard|laterality=bilateral|pattern=vertical-pull|angle=flat|contraction=dynamic|range=full,hanging,bodyweight,vertical-pull,bilateral,flat,compound,latissimus-dorsi;teres-major
free-exercise-db,Clock_Push-Up,Clock Push-Up,OMEN-0.2-5UHCIHSDPBV7S,horizontal-push,posture=supine|implement=bodyweight|attachment=none|grip_orientation=pronated|grip_width=standard|laterality=bilateral|pattern=horizontal-push|angle=flat|contraction=dynamic|range=full,supine,bodyweight,horizontal-push,bilateral,flat,compound,pectoralis-major;anterior-deltoid;triceps
free-exercise-db,Close-Grip_Barbell_Bench_Press,Close-Grip Barbell Bench Press,OMEN-0.2-PJYTMMGS2T7U4,barbell close-grip horizontal-push,posture=supine|implement=barbell|attachment=none|grip_orientation=pronated|grip_width=close|laterality=bilateral|pattern=horizontal-push|angle=flat|contraction=dynamic|range=full,supine,barbell,horizontal-push,bilateral,flat,compound,pectoralis-major;anterior-deltoid;triceps
free-exercise-db,Close-Grip_Dumbbell_Press,Close-Grip Dumbbell Press,OMEN-0.2-MMUNCA6WEPCCU,dumbbell close-grip vertical-push,posture=standing|implement=dumbbell|attachment=none|grip_orientation=pronated|grip_width=close|laterality=bilateral|pattern=vertical-push|angle=flat|contraction=dynamic|range=full,standing,dumbbell,vertical-push,bilateral,flat,compound,anterior-deltoid;triceps;upper-pectoralis
free-exercise-db,Close-Grip_EZ-Bar_Curl_with_Band,Close-Grip EZ-Bar Curl with Band,OMEN-0.2-Z2F2FJCYEZGAE,ez-bar close-grip elbow-flexion,posture=standing|implement=ez-bar|attachment=none|grip_orientation=supinated|grip_width=close|laterality=bilateral|pattern=elbow-flexion|angle=flat|contraction=dynamic|range=full,standing,ez-bar,elbow-flexion,bilateral,flat,isolation,biceps;brachialis
free-exercise-db,Close-Grip_EZ-Bar_Press,Close-Grip EZ-Bar Press,OMEN-0.2-UGUFRSQYOUWYU,ez-bar close-grip vertical-push,posture=standing|implement=ez-bar|attachment=none|grip_orientation=pronated|grip_width=close|laterality=bilateral|pattern=vertical-push|angle=flat|contraction=dynamic|range=full,standing,ez-bar,vertical-push,bilateral,flat,compound,anterior-deltoid;triceps;upper-pectoralis
free-exercise-db,Close-Grip_EZ_Bar_Curl,Close-Grip EZ Bar Curl,OMEN-0.2-XYDI7PH6OHOL4,barbell close-grip elbow-flexion,posture=standing|implement=barbell|attachment=none|grip_orientation=supinated|grip_width=close|laterality=bilateral|pattern=elbow-flexion|angle=flat|contraction=dynamic|range=full,standing,barbell,elbow-flexion,bilateral,flat,isolation,biceps;brachialis
free-exercise-db,Close-Grip_Front_Lat_Pulldown,Close-Grip Front Lat Pulldown,OMEN-0.2-GQPZIEIXOJEDW,cable close-grip vertical-pull,posture=hanging|implement=cable|attachment=none|grip_orientation=pronated|grip_width=close|laterality=bilateral|pattern=vertical-pull|angle=flat|contraction=dynamic|range=full,hanging,cable,vertical-pull,bilateral,flat,compound,latissimus-dorsi;teres-major
free-exercise-db,Close-Grip_Push-Up_off_of_a_Dumbbell,Close-Grip Push-Up off of a Dumbbell,OMEN-0.2-DNWFXWIDOD4SO,close-grip horizontal-push,posture=supine|implement=bodyweight|attachment=none|grip_orientation=pronated|grip_width=close|laterality=bilateral|pattern=horizontal-push|angle=flat|contraction=dynamic|range=full,supine,bodyweight,horizontal-push,bilateral,flat,compound,pectoralis-major;anterior-deltoid;triceps
free-exercise-db,Close-Grip_Standing_Barbell_Curl,Close-Grip Standing Barbell Curl,OMEN-0.2-XYDI7PH6OHOL4,barbell close-grip elbow-flexion,posture=standing|implement=barbell|attachment=none|grip_orientation=supinated|grip_width=close|laterality=bilateral|pattern=elbow-flexion|angle=flat|contraction=dynamic|range=full,standing,barbell,elbow-flexion,bilateral,flat,isolation,biceps;brachialis
free-exercise-db,Cocoons,Cocoons,OMEN-0.2-NEBO6LLZQU252,spinal-flexion,posture=supine|implement=bodyweight|attachment=none|grip_orientation=neutral|grip_width=standard|laterality=bilateral|pattern=spinal-flexion|angle=flat|contraction=dynamic|range=full,supine,bodyweight,spinal-flexion,bilateral,flat,isolation,rectus-abdominis
free-exercise-db,Concentration_Curls,Concentration Curls,OMEN-0.2-ZNSD76WQCIMAE,dumbbell elbow-flexion,posture=standing|implement=dumbbell|attachment=none|grip_orientation=supinated|grip_width=standard|laterality=bilateral|pattern=elbow-flexion|angle=flat|contraction=dynamic|range=full,standing,dumbbell,elbow-flexion,bilateral,flat,isolation,biceps;brachialis
free-exercise-db,Cross-Body_Crunch,Cross-Body Crunch,OMEN-0.2-NEBO6LLZQU252,spinal-flexion,posture=supine|implement=bodyweight|attachment=none|grip_orientation=neutral|grip_width=standard|laterality=bilateral|pattern=spinal-flexion|angle=flat|contraction=dynamic|range=full,supine,bodyweight,spinal-flexion,bilateral,flat,isolation,rectus-abdominis
free-exercise-db,Cross_Body_Hammer_Curl,Cross Body Hammer Curl,OMEN-0.2-GOPHYBFNL22OK,dumbbell neutral elbow-flexion,posture=standing|implement=dumbbell|attachment=none|grip_orientation=neutral|grip_width=standard|laterality=bilateral|pattern=elbow-flexion|angle=flat|contraction=dynamic|range=full,standing,dumbbell,elbow-flexion,bilateral,flat,isolation,biceps;brachialis
free-exercise-db,Cross_Over_-_With_Bands,Cross Over - With Bands,OMEN-0.2-6YKFCJFKK2P4U,band horizontal-push,posture=supine|implement=band|attachment=none|grip_orientation=pronated|grip_width=standard|laterality=bilateral|pattern=horizontal-push|angle=flat|contraction=dynamic|range=full,supine,band,horizontal-push,bilateral,flat,compound,pectoralis-major;anterior-deltoid;triceps
free-exercise-db,Crunch_-_Hands_Overhead,Crunch - Hands Overhead,OMEN-0.2-NEBO6LLZQU252,spinal-flexion,posture=supine|implement=bodyweight|attachment=none|grip_orientation=neutral|grip_width=standard|laterality=bilateral|pattern=spinal-flexion|angle=flat|contraction=dynamic|range=full,supine,bodyweight,spinal-flexion,bilateral,flat,isolation,rectus-abdominis
free-exercise-db,Crunch_-_Legs_On_Exercise_Ball,Crunch - Legs On Exercise Ball,OMEN-0.2-NEBO6LLZQU252,spinal-flexion,posture=supine|implement=bodyweight|attachment=none|grip_orientation=neutral|grip_width=standard|laterality=bilateral|pattern=spinal-flexion|angle=flat|contraction=dynamic|range=full,supine,bodyweight,spinal-flexion,bilateral,flat,isolation,rectus-abdominis
free-exercise-db,Crunches,Crunches,OMEN-0.2-NEBO6LLZQU252,spinal-flexion,posture=supine|implement=bodyweight|attachment=none|grip_orientation=neutral|grip_width=standard|laterality=bilateral|pattern=spinal-flexion|angle=flat|contraction=dynamic|range=full,supine,bodyweight,spinal-flexion,bilateral,flat,isolation,rectus-abdominis
free-exercise-db,Cuban_Press,Cuban Press,OMEN-0.2-QPXDT4WQ2KFYE,dumbbell vertical-push,posture=standing|implement=dumbbell|attachment=none|grip_orientation=pronated|grip_width=standard|laterality=bilateral|pattern=vertical-push|angle=flat|contraction=dynamic|range=full,standing,dumbbell,vertical-push,bilateral,flat,compound,anterior-deltoid;triceps;upper-pectoralis
free-exercise-db,Dead_Bug,Dead Bug,OMEN-0.2-NEBO6LLZQU252,spinal-flexion,posture=supine|implement=bodyweight|attachment=none|grip_orientation=neutral|grip_width=standard|laterality=bilateral|pattern=spinal-flexion|angle=flat|contraction=dynamic|range=full,supine,bodyweight,spinal-flexion,bilateral,flat,isolation,rectus-abdominis
free-exercise-db,Deadlift_with_Bands,Deadlift with Bands,OMEN-0.2-K5R5GCRCMTPDE,barbell hip-hinge,posture=standing|implement=barbell|attachment=none|grip_orientation=neutral|grip_width=standard|laterality=bilateral|pattern=hip-hinge|angle=flat|contraction=dynamic|range=full,standing,barbell,hip-hinge,bilateral,flat,compound,gluteus-maximus;hamstrings;erector-spinae
free-exercise-db,Deadlift_with_Chains,Deadlift with Chains,OMEN-0.2-K5R5GCRCMTPDE,barbell hip-hinge,posture=standing|implement=barbell|attachment=none|grip_orientation=neutral|grip_width=standard|laterality=bilateral|pattern=hip-hinge|angle=flat|contraction=dynamic|range=full,standing,barbell,hip-hinge,bilateral,flat,compound,gluteus-maximus;hamstrings;erector-spinae
free-exercise-db,Decline_Barbell_Bench_Press,Decline Barbell Bench Press,OMEN-0.2-UHDWXQHHYXIBY,decline barbell horizontal-push,posture=supine|implement=barbell|attachment=none|grip_orientation=pronated|grip_width=standard|laterality=bilateral|pattern=horizontal-push|angle=decline|contraction=dynamic|range=full,supine,barbell,horizontal-push,bilateral,decline,compound,pectoralis-major;anterior-deltoid;triceps
free-exercise-db,Decline_Close-Grip_Bench_To_Skull_Crusher,Decline Close-Grip Bench To Skull Crusher,OMEN-0.2-RXVLBX65QIXOE,decline barbell close-grip elbow-extension,posture=standing|implement=barbell|attachment=none|grip_orientation=pronated|grip_width=close|laterality=bilateral|pattern=elbow-extension|angle=decline|contraction=dynamic|range=full,standing,barbell,elbow-extension,bilateral,decline,isolation,triceps
free-exercise-db,Decline_Crunch,Decline Crunch,OMEN-0.2-IBJODO4GRNC7G,decline spinal-flexion,posture=supine|implement=bodyweight|attachment=none|grip_orientation=neutral|grip_width=standard|laterality=bilateral|pattern=spinal-flexion|angle=decline|contraction=dynamic|range=full,supine,bodyweight,spinal-flexion,bilateral,decline,isolation,rectus-abdominis
free-exercise-db,Decline_Dumbbell_Bench_Press,Decline Dumbbell Bench Press,OMEN-0.2-3TJTVNZBOOO3A,decline dumbbell horizontal-push,posture=supine|implement=dumbbell|attachment=none|grip_orientation=pronated|grip_width=standard|laterality=bilateral|pattern=horizontal-push|angle=decline|contraction=dynamic|range=full,supine,dumbbell,horizontal-push,bilateral,decline,compound,pectoralis-major;anterior-deltoid;triceps
free-exercise-db,Decline_Dumbbell_Flyes,Decline Dumbbell Flyes,OMEN-0.2-ZBEUU2KJJI4MK,decline dumbbell shoulder-horizontal-adduction,posture=standing|implement=dumbbell|attachment=none|grip_orientation=neutral|grip_width=standard|laterality=bilateral|pattern=shoulder-horizontal-adduction|angle=decline|contraction=dynamic|range=full,standing,dumbbell,shoulder-horizontal-adduction,bilateral,decline,isolation,pectoralis-major
free-exercise-db,Decline_Dumbbell_Triceps_Extension,Decline Dumbbell Triceps Extension,OMEN-0.2-IKHZVCYZEKQFM,decline dumbbell elbow-extension,posture=standing|implement=dumbbell|attachment=none|grip_orientation=pronated|grip_width=standard|laterality=bilateral|pattern=elbow-extension|angle=decline|contraction=dynamic|range=full,standing,dumbbell,elbow-extension,bilateral,decline,isolation,triceps
free-exercise-db,Decline_EZ_Bar_Triceps_Extension,Decline EZ Bar Triceps Extension,OMEN-0.2-CC5OPJB26HYQG,decline barbell elbow-extension,posture=standing|implement=barbell|attachment=none|grip_orientation=pronated|grip_width=standard|laterality=bilateral|pattern=elbow-extension|angle=decline|contraction=dynamic|range=full,standing,barbell,elbow-extension,bilateral,decline,isolation,triceps
free-exercise-db,Decline_Oblique_Crunch,Decline Oblique Crunch,OMEN-0.2-IBJODO4GRNC7G,decline spinal-flexion,posture=supine|implement=bodyweight|attachment=none|grip_orientation=neutral|grip_width=standard|laterality=bilateral|pattern=spinal-flexion|angle=decline|contraction=dynamic|range=full,supine,bodyweight,spinal-flexion,bilateral,decline,isolation,rectus-abdominis
free-exercise-db,Decline_Reverse_Crunch,Decline Reverse Crunch,OMEN-0.2-IBJODO4GRNC7G,decline spinal-flexion,posture=supine|implement=bodyweight|attachment=none|grip_orientation=neutral|grip_width=standard|laterality=bilateral|pattern=spinal-flexion|angle=decline|contraction=dynamic|range=full,supine,bodyweight,spinal-flexion,bilateral,decline,isolation,rectus-abdominis
free-exercise-db,Decline_Smith_Press,Decline Smith Press,OMEN-0.2-57YCGQARUOAB2,decline machine vertical-push,posture=standing|implement=machine|attachment=none|grip_orientation=pronated|grip_width=standard|laterality=bilateral|pattern=vertical-push|angle=decline|contraction=dynamic|range=full,standing,machine,vertical-push,bilateral,decline,compound,anterior-deltoid;triceps;upper-pectoralis
free-exercise-db,Deficit_Deadlift,Deficit Deadlift,OMEN-0.2-MFAICDJOZLTGS,barbell hip-hinge deficit,posture=standing|implement=barbell|attachment=none|grip_orientation=neutral|grip_width=standard|laterality=bilateral|pattern=hip-hinge|angle=flat|contraction=dynamic|range=deficit,standing,barbell,hip-hinge,bilateral,flat,compound,gluteus-maximus;hamstrings;erector-spinae
free-exercise-db,Dip_Machine,Dip Machine,OMEN-0.2-3UPZ3OXB2RIYC,machine horizontal-push,posture=supine|implement=machine|attachment=none|grip_orientation=pronated|grip_width=standard|laterality=bilateral|pattern=horizontal-push|angle=flat|contraction=dynamic|range=full,supine,machine,horizontal-push,bilateral,flat,compound,pectoralis-major;anterior-deltoid;triceps
free-exercise-db,Dips_-_Triceps_Version,Dips - Triceps Version,OMEN-0.2-NLGPA4CDJVIXG,elbow-extension,posture=standing|implement=bodyweight|attachment=none|grip_orientation=pronated|grip_width=standard|laterality=bilateral|pattern=elbow-extension|angle=flat|contraction=dynamic|range=full,standing,bodyweight,elbow-extension,bilateral,flat,isolation,triceps
free-exercise-db,Double_Kettlebell_Push_Press,Double Kettlebell Push Press,OMEN-0.2-2OIWIU7HL3XGY,kettlebell vertical-push,posture=standing|implement=kettlebell|attachment=none|grip_orientation=pronated|grip_width=standard|laterality=bilateral|pattern=vertical-push|angle=flat|contraction=dynamic|range=full,standing,kettlebell,vertical-push,bilateral,flat,compound,anterior-deltoid;triceps;upper-pectoralis
free-exercise-db,Double_Kettlebell_Windmill,Double Kettlebell Windmill,OMEN-0.2-ERPYUQXRJW7Z4,kettlebell spinal-flexion,posture=supine|implement=kettlebell|attachment=none|grip_orientation=neutral|grip_width=standard|laterality=bilateral|pattern=spinal-flexion|angle=flat|contraction=dynamic|range=full,supine,kettlebell,spinal-flexion,bilateral,flat,isolation,rectus-abdominis
free-exercise-db,Downward_Facing_Balance,Downward Facing Balance,OMEN-0.2-NZNK4OR65OW2A,stability-ball hip-extension,posture=supine|implement=stability-ball|attachment=none|grip_orientation=neutral|grip_width=standard|laterality=bilateral|pattern=hip-extension|angle=flat|contraction=dynamic|range=full,supine,stability-ball,hip-extension,bilateral,flat,isolation,gluteus-maximus
free-exercise-db,Drag_Curl,Drag Curl,OMEN-0.2-VS436TATXEDMG,barbell elbow-flexion,posture=standing|implement=barbell|attachment=none|grip_orientation=supinated|grip_width=standard|laterality=bilateral|pattern=elbow-flexion|angle=flat|contraction=dynamic|range=full,standing,barbell,elbow-flexion,bilateral,flat,isolation,biceps;brachialis
free-exercise-db,Dumbbell_Alternate_Bicep_Curl,Dumbbell Alternate Bicep Curl,OMEN-0.2-JF3ZT3ZEKIOSW,dumbbell alternating elbow-flexion,posture=standing|implement=dumbbell|attachment=none|grip_orientation=supinated|grip_width=standard|laterality=alternating|pattern=elbow-flexion|angle=flat|contraction=dynamic|range=full,standing,dumbbell,elbow-flexion,alternating,flat,isolation,biceps;brachialis
free-exercise-db,Dumbbell_Bench_Press,Dumbbell Bench Press,OMEN-0.2-KYBGMXCO33UC2,dumbbell horizontal-push,posture=supine|implement=dumbbell|attachment=none|grip_orientation=pronated|grip_width=standard|laterality=bilateral|pattern=horizontal-push|angle=flat|contraction=dynamic|range=full,supine,dumbbell,horizontal-push,bilateral,flat,compound,pectoralis-major;anterior-deltoid;triceps
free-exercise-db,Dumbbell_Bench_Press_with_Neutral_Grip,Dumbbell Bench Press with Neutral Grip,OMEN-0.2-3WT3ELCPU7OZC,dumbbell neutral horizontal-push,posture=supine|implement=dumbbell|attachment=none|grip_orientation=neutral|grip_width=standard|laterality=bilateral|pattern=horizontal-push|angle=flat|contraction=dynamic|range=full,supine,dumbbell,horizontal-push,bilateral,flat,compound,pectoralis-major;anterior-deltoid;triceps
free-exercise-db,Dumbbell_Bicep_Curl,Dumbbell Bicep Curl,OMEN-0.2-ZNSD76WQCIMAE,dumbbell elbow-flexion,posture=standing|implement=dumbbell|attachment=none|grip_orientation=supinated|grip_width=standard|laterality=bilateral|pattern=elbow-flexion|angle=flat|contraction=dynamic|range=full,standing,dumbbell,elbow-flexion,bilateral,flat,isolation,biceps;brachialis
free-exercise-db,Dumbbell_Floor_Press,Dumbbell Floor Press,OMEN-0.2-KYBGMXCO33UC2,dumbbell horizontal-push,posture=supine|implement=dumbbell|attachment=none|grip_orientation=pronated|grip_width=standard|laterality=bilateral|pattern=horizontal-push|angle=flat|contraction=dynamic|range=full,supine,dumbbell,horizontal-push,bilateral,flat,compound,pectoralis-major;anterior-deltoid;triceps
free-exercise-db,Dumbbell_Flyes,Dumbbell Flyes,OMEN-0.2-HWRDSN6ICZLPC,dumbbell shoulder-horizontal-adduction,posture=standing|implement=dumbbell|attachment=none|grip_orientation=neutral|grip_width=standard|laterality=bilateral|pattern=shoulder-horizontal-adduction|angle=flat|contraction=dynamic|range=full,standing,dumbbell,shoulder-horizontal-adduction,bilateral,flat,isolation,pectoralis-major
free-exercise-db,Dumbbell_Incline_Row,Dumbbell Incline Row,OMEN-0.2-UBNNDSRPMPYNS,incline dumbbell horizontal-pull,posture=bent-over|implement=dumbbell|attachment=none|grip_orientation=pronated|grip_width=standard|laterality=bilateral|pattern=horizontal-pull|angle=incline|contraction=dynamic|range=full,bent-over,dumbbell,horizontal-pull,bilateral,incline,compound,latissimus-dorsi;rhomboids;mid-trapezius;posterior-deltoid
free-exercise-db,Dumbbell_Incline_Shoulder_Raise,Dumbbell Incline Shoulder Raise,OMEN-0.2-3CJ4AAK5RSJ5O,incline dumbbell shoulder-abduction,posture=standing|implement=dumbbell|attachment=none|grip_orientation=neutral|grip_width=standard|laterality=bilateral|pattern=shoulder-abduction|angle=incline|contraction=dynamic|range=full,standing,dumbbell,shoulder-abduction,bilateral,incline,isolation,lateral-deltoid
free-exercise-db,Dumbbell_Lunges,Dumbbell Lunges,OMEN-0.2-ML535CTNKFJQS,dumbbell lunge,posture=standing|implement=dumbbell|attachment=none|grip_orientation=neutral|grip_width=standard|laterality=bilateral|pattern=lunge|angle=flat|contraction=dynamic|range=full,standing,dumbbell,lunge,bilateral,flat,compound,quadriceps;gluteus-maximus
free-exercise-db,Dumbbell_Lying_One-Arm_Rear_Lateral_Raise,Dumbbell Lying One-Arm Rear Lateral Raise,OMEN-0.2-GC77X6XULJ7ME,dumbbell unilateral shoulder-horizontal-abduction,posture=supine|implement=dumbbell|attachment=none|grip_orientation=neutral|grip_width=standard|laterality=unilateral|pattern=shoulder-horizontal-abduction|angle=flat|contraction=dynamic|range=full,supine,dumbbell,shoulder-horizontal-abduction,unilateral,flat,isolation,posterior-deltoid
free-exercise-db,Dumbbell_Lying_Pronation,Dumbbell Lying Pronation,OMEN-0.2-JCMRKJ2BAKRMQ,dumbbell wrist-flexion,posture=supine|implement=dumbbell|attachment=none|grip_orientation=neutral|grip_width=standard|laterality=bilateral|pattern=wrist-flexion|angle=flat|contraction=dynamic|range=full,supine,dumbbell,wrist-flexion,bilateral,flat,isolation,forearm-flexors
free-exercise-db,Dumbbell_Lying_Rear_Lateral_Raise,Dumbbell Lying Rear Lateral Raise,OMEN-0.2-LK6YJZJUMP2YW,dumbbell shoulder-horizontal-abduction,posture=supine|implement=dumbbell|attachment=none|grip_orientation=neutral|grip_width=standard|laterality=bilateral|pattern=shoulder-horizontal-abduction|angle=flat|contraction=dynamic|range=full,supine,dumbbell,shoulder-horizontal-abduction,bilateral,flat,isolation,posterior-deltoid
free-exercise-db,Dumbbell_Lying_Supination,Dumbbell Lying Supination,OMEN-0.2-JCMRKJ2BAKRMQ,dumbbell wrist-flexion,posture=supine|implement=dumbbell|attachment=none|grip_orientation=neutral|grip_width=standard|laterality=bilateral|pattern=wrist-flexion|angle=flat|contraction=dynamic|range=full,supine,dumbbell,wrist-flexion,bilateral,flat,isolation,forearm-flexors
free-exercise-db,Dumbbell_One-Arm_Shoulder_Press,Dumbbell One-Arm Shoulder Press,OMEN-0.2-MYOVA3GKCIO72,dumbbell unilateral vertical-push,posture=standing|implement=dumbbell|attachment=none|grip_orientation=pronated|grip_width=standard|laterality=unilateral|pattern=vertical-push|angle=flat|contraction=dynamic|range=full,standing,dumbbell,vertical-push,unilateral,flat,compound,anterior-deltoid;triceps;upper-pectoralis
free-exercise-db,Dumbbell_One-Arm_Triceps_Extension,Dumbbell One-Arm Triceps Extension,OMEN-0.2-EIMPXZ4ED5TAM,dumbbell unilateral elbow-extension,posture=standing|implement=dumbbell|attachment=none|grip_orientation=pronated|grip_width=standard|laterality=unilateral|pattern=elbow-extension|angle=flat|contraction=dynamic|range=full,standing,dumbbell,elbow-extension,unilateral,flat,isolation,triceps
free-exercise-db,Dumbbell_One-Arm_Upright_Row,Dumbbell One-Arm Upright Row,OMEN-0.2-3VW7P67SNVMKG,dumbbell unilateral scapular-elevation,posture=standing|implement=dumbbell|attachment=none|grip_orientation=neutral|grip_width=standard|laterality=unilateral|pattern=scapular-elevation|angle=flat|contraction=dynamic|range=full,standing,dumbbell,scapular-elevation,unilateral,flat,isolation,upper-trapezius
free-exercise-db,Dumbbell_Prone_Incline_Curl,Dumbbell Prone Incline Curl,OMEN-0.2-6RVU4IN2CG3OA,incline dumbbell elbow-flexion,posture=prone|implement=dumbbell|attachment=none|grip_orientation=supinated|grip_width=standard|laterality=bilateral|pattern=elbow-flexion|angle=incline|contraction=dynamic|range=full,prone,dumbbell,elbow-flexion,bilateral,incline,isolation,biceps;brachialis
free-exercise-db,Dumbbell_Raise,Dumbbell Raise,OMEN-0.2-QPXDT4WQ2KFYE,dumbbell vertical-push,posture=standing|implement=dumbbell|attachment=none|grip_orientation=pronated|grip_width=standard|laterality=bilateral|pattern=vertical-push|angle=flat|contraction=dynamic|range=full,standing,dumbbell,vertical-push,bilateral,flat,compound,anterior-deltoid;triceps;upper-pectoralis
free-exercise-db,Dumbbell_Rear_Lunge,Dumbbell Rear Lunge,OMEN-0.2-ML535CTNKFJQS,dumbbell lunge,posture=standing|implement=dumbbell|attachment=none|grip_orientation=neutral|grip_width=standard|laterality=bilateral|pattern=lunge|angle=flat|contraction=dynamic|range=full,standing,dumbbell,lunge,bilateral,flat,compound,quadriceps;gluteus-maximus
free-exercise-db,Dumbbell_Scaption,Dumbbell Scaption,OMEN-0.2-AQWQCZJ3LKYB2,dumbbell shoulder-abduction,posture=standing|implement=dumbbell|attachment=none|grip_orientation=neutral|grip_width=standard|laterality=bilateral|pattern=shoulder-abduction|angle=flat|contraction=dynamic|range=full,standing,dumbbell,shoulder-abduction,bilateral,flat,isolation,lateral-deltoid
free-exercise-db,Dumbbell_Seated_One-Leg_Calf_Raise,Dumbbell Seated One-Leg Calf Raise,OMEN-0.2-6XFXZPTCJ5C4K,seated dumbbell unilateral plantarflexion,posture=seated|implement=dumbbell|attachment=none|grip_orientation=neutral|grip_width=standard|laterality=unilateral|pattern=plantarflexion|angle=flat|contraction=dynamic|range=full,seated,dumbbell,plantarflexion,unilateral,flat,isolation,gastrocnemius;soleus
free-exercise-db,Dumbbell_Shoulder_Press,Dumbbell Shoulder Press,OMEN-0.2-QPXDT4WQ2KFYE,dumbbell vertical-push,posture=standing|implement=dumbbell|attachment=none|grip_orientation=pronated|grip_width=standard|laterality=bilateral|pattern=vertical-push|angle=flat|contraction=dynamic|range=full,standing,dumbbell,vertical-push,bilateral,flat,compound,anterior-deltoid;triceps;upper-pectoralis
free-exercise-db,Dumbbell_Shrug,Dumbbell Shrug,OMEN-0.2-7KLBTG5UEYDUS,dumbbell scapular-elevation,posture=standing|implement=dumbbell|attachment=none|grip_orientation=neutral|grip_width=standard|laterality=bilateral|pattern=scapular-elevation|angle=flat|contraction=dynamic|range=full,standing,dumbbell,scapular-elevation,bilateral,flat,isolation,upper-trapezius
free-exercise-db,Dumbbell_Side_Bend,Dumbbell Side Bend,OMEN-0.2-LC3563PL57JRY,dumbbell spinal-lateral-flexion,posture=standing|implement=dumbbell|attachment=none|grip_orientation=neutral|grip_width=standard|laterality=bilateral|pattern=spinal-lateral-flexion|angle=flat|contraction=dynamic|range=full,standing,dumbbell,spinal-lateral-flexion,bilateral,flat,isolation,obliques
free-exercise-db,Dumbbell_Squat,Dumbbell Squat,OMEN-0.2-AQZK42IGNTTFC,dumbbell squat,posture=standing|implement=dumbbell|attachment=none|grip_orientation=neutral|grip_width=standard|laterality=bilateral|pattern=squat|angle=flat|contraction=dynamic|range=full,standing,dumbbell,squat,bilateral,flat,compound,quadriceps;gluteus-maximus
free-exercise-db,Dumbbell_Squat_To_A_Bench,Dumbbell Squat To A Bench,OMEN-0.2-AQZK42IGNTTFC,dumbbell squat,posture=standing|implement=dumbbell|attachment=none|grip_orientation=neutral|grip_width=standard|laterality=bilateral|pattern=squat|angle=flat|contraction=dynamic|range=full,standing,dumbbell,squat,bilateral,flat,compound,quadriceps;gluteus-maximus
free-exercise-db,Dumbbell_Step_Ups,Dumbbell Step Ups,OMEN-0.2-AQZK42IGNTTFC,dumbbell squat,posture=standing|implement=dumbbell|attachment=none|grip_orientation=neutral|grip_width=standard|laterality=bilateral|pattern=squat|angle=flat|contraction=dynamic|range=full,standing,dumbbell,squat,bilateral,flat,compound,quadriceps;gluteus-maximus
free-exercise-db,Dumbbell_Tricep_Extension_-Pronated_Grip,Dumbbell Tricep Extension -Pronated Grip,OMEN-0.2-ZM2XSGIVSN5CG,dumbbell elbow-extension,posture=standing|implement=dumbbell|attachment=none|grip_orientation=pronated|grip_width=standard|laterality=bilateral|pattern=elbow-extension|angle=flat|contraction=dynamic|range=full,standing,dumbbell,elbow-extension,bilateral,flat,isolation,triceps
free-exercise-db,EZ-Bar_Curl,EZ-Bar Curl,OMEN-0.2-7MRH57YFCMYL4,ez-bar elbow-flexion,posture=standing|implement=ez-bar|attachment=none|grip_orientation=supinated|grip_width=standard|laterality=bilateral|pattern=elbow-flexion|angle=flat|contraction=dynamic|range=full,standing,ez-bar,elbow-flexion,bilateral,flat,isolation,biceps;brachialis
free-exercise-db,EZ-Bar_Skullcrusher,EZ-Bar Skullcrusher,OMEN-0.2-SMCLS7JX5YDRU,ez-bar elbow-extension,posture=standing|implement=ez-bar|attachment=none|grip_orientation=pronated|grip_width=standard|laterality=bilateral|pattern=elbow-extension|angle=flat|contraction=dynamic|range=full,standing,ez-bar,elbow-extension,bilateral,flat,isolation,triceps
free-exercise-db,Elbow_to_Knee,Elbow to Knee,OMEN-0.2-NEBO6LLZQU252,spinal-flexion,posture=supine|implement=bodyweight|attachment=none|grip_orientation=neutral|grip_width=standard|laterality=bilateral|pattern=spinal-flexion|angle=flat|contraction=dynamic|range=full,supine,bodyweight,spinal-flexion,bilateral,flat,isolation,rectus-abdominis
free-exercise-db,Elevated_Back_Lunge,Elevated Back Lunge,OMEN-0.2-JDNTB5KOOSCU4,barbell lunge,posture=standing|implement=barbell|attachment=none|grip_orientation=neutral|grip_width=standard|laterality=bilateral|pattern=lunge|angle=flat|contraction=dynamic|range=full,standing,barbell,lunge,bilateral,flat,compound,quadriceps;gluteus-maximus
free-exercise-db,Elevated_Cable_Rows,Elevated Cable Rows,OMEN-0.2-R7LRNHCBP35RO,cable vertical-pull,posture=hanging|implement=cable|attachment=none|grip_orientation=pronated|grip_width=standard|laterality=bilateral|pattern=vertical-pull|angle=flat|contraction=dynamic|range=full,hanging,cable,vertical-pull,bilateral,flat,compound,latissimus-dorsi;teres-major
free-exercise-db,Exercise_Ball_Crunch,Exercise Ball Crunch,OMEN-0.2-P255TVQLYCBDS,stability-ball spinal-flexion,posture=supine|implement=stability-ball|attachment=none|grip_orientation=neutral|grip_width=standard|laterality=bilateral|pattern=spinal-flexion|angle=flat|contraction=dynamic|range=full,supine,stability-ball,spinal-flexion,bilateral,flat,isolation,rectus-abdominis
free-exercise-db,Exercise_Ball_Pull-In,Exercise Ball Pull-In,OMEN-0.2-P255TVQLYCBDS,stability-ball spinal-flexion,posture=supine|implement=stability-ball|attachment=none|grip_orientation=neutral|grip_width=standard|laterality=bilateral|pattern=spinal-flexion|angle=flat|contraction=dynamic|range=full,supine,stability-ball,spinal-flexion,bilateral,flat,isolation,rectus-abdominis
free-exercise-db,Extended_Range_One-Arm_Kettlebell_Floor_Press,Extended Range One-Arm Kettlebell Floor Press,OMEN-0.2-PTN2SBQCR6DLG,kettlebell unilateral horizontal-push,posture=supine|implement=kettlebell|attachment=none|grip_orientation=pronated|grip_width=standard|laterality=unilateral|pattern=horizontal-push|angle=flat|contraction=dynamic|range=full,supine,kettlebell,horizontal-push,unilateral,flat,compound,pectoralis-major;anterior-deltoid;triceps
free-exercise-db,External_Rotation,External Rotation,OMEN-0.2-QLFXUNJV7MP5E,dumbbell shoulder-external-rotation,posture=standing|implement=dumbbell|attachment=none|grip_orientation=neutral|grip_width=standard|laterality=bilateral|pattern=shoulder-external-rotation|angle=flat|contraction=dynamic|range=full,standing,dumbbell,shoulder-external-rotation,bilateral,flat,isolation,infraspinatus;teres-minor
free-exercise-db,External_Rotation_with_Band,External Rotation with Band,OMEN-0.2-PJ2ARSJEQPTY6,band shoulder-external-rotation,posture=standing|implement=band|attachment=none|grip_orientation=neutral|grip_width=standard|laterality=bilateral|pattern=shoulder-external-rotation|angle=flat|contraction=dynamic|range=full,standing,band,shoulder-external-rotation,bilateral,flat,isolation,infraspinatus;teres-minor
free-exercise-db,External_Rotation_with_Cable,External Rotation with Cable,OMEN-0.2-GS2FYP2IUOFWS,cable shoulder-external-rotation,posture=standing|implement=cable|attachment=none|grip_orientation=neutral|grip_width=standard|laterality=bilateral|pattern=shoulder-external-rotation|angle=flat|contraction=dynamic|range=full,standing,cable,shoulder-external-rotation,bilateral,flat,isolation,infraspinatus;teres-minor
free-exercise-db,Face_Pull,Face Pull,OMEN-0.2-DDKAKR7SIYZEC,cable shoulder-horizontal-abduction,posture=bent-over|implement=cable|attachment=none|grip_orientation=neutral|grip_width=standard|laterality=bilateral|pattern=shoulder-horizontal-abduction|angle=flat|contraction=dynamic|range=full,bent-over,cable,shoulder-horizontal-abduction,bilateral,flat,isolation,posterior-deltoid
free-exercise-db,Flat_Bench_Cable_Flyes,Flat Bench Cable Flyes,OMEN-0.2-X23FCWND3JVRQ,cable shoulder-horizontal-adduction,posture=standing|implement=cable|attachment=none|grip_orientation=neutral|grip_width=standard|laterality=bilateral|pattern=shoulder-horizontal-adduction|angle=flat|contraction=dynamic|range=full,standing,cable,shoulder-horizontal-adduction,bilateral,flat,isolation,pectoralis-major
free-exercise-db,Flat_Bench_Leg_Pull-In,Flat Bench Leg Pull-In,OMEN-0.2-NEBO6LLZQU252,spinal-flexion,posture=supine|implement=bodyweight|attachment=none|grip_orientation=neutral|grip_width=standard|laterality=bilateral|pattern=spinal-flexion|angle=flat|contraction=dynamic|range=full,supine,bodyweight,spinal-flexion,bilateral,flat,isolation,rectus-abdominis
free-exercise-db,Flat_Bench_Lying_Leg_Raise,Flat Bench Lying Leg Raise,OMEN-0.2-SU7GKJIEIMXCE,hip-flexion,posture=supine|implement=bodyweight|attachment=none|grip_orientation=neutral|grip_width=standard|laterality=bilateral|pattern=hip-flexion|angle=flat|contraction=dynamic|range=full,supine,bodyweight,hip-flexion,bilateral,flat,isolation,iliopsoas;rectus-femoris
free-exercise-db,Flexor_Incline_Dumbbell_Curls,Flexor Incline Dumbbell Curls,OMEN-0.2-VAHBX7VRCINDQ,incline dumbbell elbow-flexion,posture=standing|implement=dumbbell|attachment=none|grip_orientation=supinated|grip_width=standard|laterality=bilateral|pattern=elbow-flexion|angle=incline|contraction=dynamic|range=full,standing,dumbbell,elbow-flexion,bilateral,incline,isolation,biceps;brachialis
free-exercise-db,Floor_Press,Floor Press,OMEN-0.2-VRQRJHQSX5NX6,barbell horizontal-push,posture=supine|implement=barbell|attachment=none|grip_orientation=pronated|grip_width=standard|laterality=bilateral|pattern=horizontal-push|angle=flat|contraction=dynamic|range=full,supine,barbell,horizontal-push,bilateral,flat,compound,pectoralis-major;anterior-deltoid;triceps
free-exercise-db,Floor_Press_with_Chains,Floor Press with Chains,OMEN-0.2-VRQRJHQSX5NX6,barbell horizontal-push,posture=supine|implement=barbell|attachment=none|grip_orientation=pronated|grip_width=standard|laterality=bilateral|pattern=horizontal-push|angle=flat|contraction=dynamic|range=full,supine,barbell,horizontal-push,bilateral,flat,compound,pectoralis-major;anterior-deltoid;triceps
free-exercise-db,Flutter_Kicks,Flutter Kicks,OMEN-0.2-W465DMCUMO2WG,hip-extension,posture=supine|implement=bodyweight|attachment=none|grip_orientation=neutral|grip_width=standard|laterality=bilateral|pattern=hip-extension|angle=flat|contraction=dynamic|range=full,supine,bodyweight,hip-extension,bilateral,flat,isolation,gluteus-maximus
free-exercise-db,Frankenstein_Squat,Frankenstein Squat,OMEN-0.2-HWYDOFIMW3MXQ,barbell squat,posture=standing|implement=barbell|attachment=none|grip_orientation=neutral|grip_width=standard|laterality=bilateral|pattern=squat|angle=flat|contraction=dynamic|range=full,standing,barbell,squat,bilateral,flat,compound,quadriceps;gluteus-maximus
free-exercise-db,Freehand_Jump_Squat,Freehand Jump Squat,OMEN-0.2-KZ7HKC5U32MXG,squat,posture=standing|implement=bodyweight|attachment=none|grip_orientation=neutral|grip_width=standard|laterality=bilateral|pattern=squat|angle=flat|contraction=dynamic|range=full,standing,bodyweight,squat,bilateral,flat,compound,quadriceps;gluteus-maximus
free-exercise-db,Frog_Sit-Ups,Frog Sit-Ups,OMEN-0.2-NEBO6LLZQU252,spinal-flexion,posture=supine|implement=bodyweight|attachment=none|grip_orientation=neutral|grip_width=standard|laterality=bilateral|pattern=spinal-flexion|angle=flat|contraction=dynamic|range=full,supine,bodyweight,spinal-flexion,bilateral,flat,isolation,rectus-abdominis
free-exercise-db,Front_Barbell_Squat,Front Barbell Squat,OMEN-0.2-HWYDOFIMW3MXQ,barbell squat,posture=standing|implement=barbell|attachment=none|grip_orientation=neutral|grip_width=standard|laterality=bilateral|pattern=squat|angle=flat|contraction=dynamic|range=full,standing,barbell,squat,bilateral,flat,compound,quadriceps;gluteus-maximus
free-exercise-db,Front_Barbell_Squat_To_A_Bench,Front Barbell Squat To A Bench,OMEN-0.2-HWYDOFIMW3MXQ,barbell squat,posture=standing|implement=barbell|attachment=none|grip_orientation=neutral|grip_width=standard|laterality=bilateral|pattern=squat|angle=flat|contraction=dynamic|range=full,standing,barbell,squat,bilateral,flat,compound,quadriceps;gluteus-maximus
free-exercise-db,Front_Cable_Raise,Front Cable Raise,OMEN-0.2-I5PXZJYYWAQEQ,cable shoulder-abduction,posture=standing|implement=cable|attachment=none|grip_orientation=neutral|grip_width=standard|laterality=bilateral|pattern=shoulder-abduction|angle=flat|contraction=dynamic|range=full,standing,cable,shoulder-abduction,bilateral,flat,isolation,lateral-deltoid
free-exercise-db,Front_Dumbbell_Raise,Front Dumbbell Raise,OMEN-0.2-AQWQCZJ3LKYB2,dumbbell shoulder-abduction,posture=standing|implement=dumbbell|attachment=none|grip_orientation=neutral|grip_width=standard|laterality=bilateral|pattern=shoulder-abduction|angle=flat|contraction=dynamic|range=full,standing,dumbbell,shoulder-abduction,bilateral,flat,isolation,lateral-deltoid
free-exercise-db,Front_Incline_Dumbbell_Raise,Front Incline Dumbbell Raise,OMEN-0.2-3CJ4AAK5RSJ5O,incline dumbbell shoulder-abduction,posture=standing|implement=dumbbell|attachment=none|grip_orientation=neutral|grip_width=standard|laterality=bilateral|pattern=shoulder-abduction|angle=incline|contraction=dynamic|range=full,standing,dumbbell,shoulder-abduction,bilateral,incline,isolation,lateral-deltoid
free-exercise-db,Front_Plate_Raise,Front Plate Raise,OMEN-0.2-HW7JPF2KZ6O6Q,plate shoulder-abduction,posture=standing|implement=plate|attachment=none|grip_orientation=neutral|grip_width=standard|laterality=bilateral|pattern=shoulder-abduction|angle=flat|contraction=dynamic|range=full,standing,plate,shoulder-abduction,bilateral,flat,isolation,lateral-deltoid
free-exercise-db,Front_Raise_And_Pullover,Front Raise And Pullover,OMEN-0.2-UKK4UNFEWOHEE,barbell shoulder-extension,posture=standing|implement=barbell|attachment=none|grip_orientation=neutral|grip_width=standard|laterality=bilateral|pattern=shoulder-extension|angle=flat|contraction=dynamic|range=full,standing,barbell,shoulder-extension,bilateral,flat,isolation,latissimus-dorsi;teres-major
free-exercise-db,Front_Squats_With_Two_Kettlebells,Front Squats With Two Kettlebells,OMEN-0.2-EQIBZVEED3L2Q,kettlebell squat,posture=standing|implement=kettlebell|attachment=none|grip_orientation=neutral|grip_width=standard|laterality=bilateral|pattern=squat|angle=flat|contraction=dynamic|range=full,standing,kettlebell,squat,bilateral,flat,compound,quadriceps;gluteus-maximus
free-exercise-db,Front_Two-Dumbbell_Raise,Front Two-Dumbbell Raise,OMEN-0.2-AQWQCZJ3LKYB2,dumbbell shoulder-abduction,posture=standing|implement=dumbbell|attachment=none|grip_orientation=neutral|grip_width=standard|laterality=bilateral|pattern=shoulder-abduction|angle=flat|contraction=dynamic|range=full,standing,dumbbell,shoulder-abduction,bilateral,flat,isolation,lateral-deltoid
free-exercise-db,Full_Range-Of-Motion_Lat_Pulldown,Full Range-Of-Motion Lat Pulldown,OMEN-0.2-R7LRNHCBP35RO,cable vertical-pull,posture=hanging|implement=cable|attachment=none|grip_orientation=pronated|grip_width=standard|laterality=bilateral|pattern=vertical-pull|angle=flat|contraction=dynamic|range=full,hanging,cable,vertical-pull,bilateral,flat,compound,latissimus-dorsi;teres-major
free-exercise-db,Glute_Ham_Raise,Glute Ham Raise,OMEN-0.2-PCCRMJARHDEDC,machine knee-flexion,posture=prone|implement=machine|attachment=none|grip_orientation=neutral|grip_width=standard|laterality=bilateral|pattern=knee-flexion|angle=flat|contraction=dynamic|range=full,prone,machine,knee-flexion,bilateral,flat,isolation,hamstrings
free-exercise-db,Glute_Kickback,Glute Kickback,OMEN-0.2-W465DMCUMO2WG,hip-extension,posture=supine|implement=bodyweight|attachment=none|grip_orientation=neutral|grip_width=standard|laterality=bilateral|pattern=hip-extension|angle=flat|contraction=dynamic|range=full,supine,bodyweight,hip-extension,bilateral,flat,isolation,gluteus-maximus
free-exercise-db,Goblet_Squat,Goblet Squat,OMEN-0.2-EQIBZVEED3L2Q,kettlebell squat,posture=standing|implement=kettlebell|attachment=none|grip_orientation=neutral|grip_width=standard|laterality=bilateral|pattern=squat|angle=flat|contraction=dynamic|range=full,standing,kettlebell,squat,bilateral,flat,compound,quadriceps;gluteus-maximus
free-exercise-db,Good_Morning,Good Morning,OMEN-0.2-K5R5GCRCMTPDE,barbell hip-hinge,posture=standing|implement=barbell|attachment=none|grip_orientation=neutral|grip_width=standard|laterality=bilateral|pattern=hip-hinge|angle=flat|contraction=dynamic|range=full,standing,barbell,hip-hinge,bilateral,flat,compound,gluteus-maximus;hamstrings;erector-spinae
free-exercise-db,Good_Morning_off_Pins,Good Morning off Pins,OMEN-0.2-K5R5GCRCMTPDE,barbell hip-hinge,posture=standing|implement=barbell|attachment=none|grip_orientation=neutral|grip_width=standard|laterality=bilateral|pattern=hip-hinge|angle=flat|contraction=dynamic|range=full,standing,barbell,hip-hinge,bilateral,flat,compound,gluteus-maximus;hamstrings;erector-spinae
free-exercise-db,Gorilla_Chin_Crunch,Gorilla Chin/Crunch,OMEN-0.2-NEBO6LLZQU252,spinal-flexion,posture=supine|implement=bodyweight|attachment=none|grip_orientation=neutral|grip_width=standard|laterality=bilateral|pattern=spinal-flexion|angle=flat|contraction=dynamic|range=full,supine,bodyweight,spinal-flexion,bilateral,flat,isolation,rectus-abdominis
free-exercise-db,Hack_Squat,Hack Squat,OMEN-0.2-JR3MWAE5E5CWG,machine squat,posture=standing|implement=machine|attachment=none|grip_orientation=neutral|grip_width=standard|laterality=bilateral|pattern=squat|angle=flat|contraction=dynamic|range=full,standing,machine,squat,bilateral,flat,compound,quadriceps;gluteus-maximus
free-exercise-db,Hammer_Curls,Hammer Curls,OMEN-0.2-GOPHYBFNL22OK,dumbbell neutral elbow-flexion,posture=standing|implement=dumbbell|attachment=none|grip_orientation=neutral|grip_width=standard|laterality=bilateral|pattern=elbow-flexion|angle=flat|contraction=dynamic|range=full,standing,dumbbell,elbow-flexion,bilateral,flat,isolation,biceps;brachialis
free-exercise-db,Hammer_Grip_Incline_DB_Bench_Press,Hammer Grip Incline DB Bench Press,OMEN-0.2-6QJ4MIS5SB3VM,incline dumbbell neutral horizontal-push,posture=supine|implement=dumbbell|attachment=none|grip_orientation=neutral|grip_width=standard|laterality=bilateral|pattern=horizontal-push|angle=incline|contraction=dynamic|range=full,supine,dumbbell,horizontal-push,bilateral,incline,compound,pectoralis-major;anterior-deltoid;triceps
free-exercise-db,Handstand_Push-Ups,Handstand Push-Ups,OMEN-0.2-HAJB3SN7EQEPY,vertical-push,posture=standing|implement=bodyweight|attachment=none|grip_orientation=pronated|grip_width=standard|laterality=bilateral|pattern=vertical-push|angle=flat|contraction=dynamic|range=full,standing,bodyweight,vertical-push,bilateral,flat,compound,anterior-deltoid;triceps;upper-pectoralis
free-exercise-db,Hanging_Bar_Good_Morning,Hanging Bar Good Morning,OMEN-0.2-TI3APU6PJ4BH4,hanging barbell hip-hinge,posture=hanging|implement=barbell|attachment=none|grip_orientation=neutral|grip_width=standard|laterality=bilateral|pattern=hip-hinge|angle=flat|contraction=dynamic|range=full,hanging,barbell,hip-hinge,bilateral,flat,compound,gluteus-maximus;hamstrings;erector-spinae
free-exercise-db,Hanging_Leg_Raise,Hanging Leg Raise,OMEN-0.2-7J2KCCWIX3KW4,hip-flexion,posture=hanging|implement=bodyweight|attachment=none|grip_orientation=neutral|grip_width=standard|laterality=bilateral|pattern=hip-flexion|angle=flat|contraction=dynamic|range=full,hanging,bodyweight,hip-flexion,bilateral,flat,isolation,iliopsoas;rectus-femoris
free-exercise-db,Hanging_Pike,Hanging Pike,OMEN-0.2-D657OTWOQXLJC,spinal-flexion,posture=hanging|implement=bodyweight|attachment=none|grip_orientation=neutral|grip_width=standard|laterality=bilateral|pattern=spinal-flexion|angle=flat|contraction=dynamic|range=full,hanging,bodyweight,spinal-flexion,bilateral,flat,isolation,rectus-abdominis
free-exercise-db,High_Cable_Curls,High Cable Curls,OMEN-0.2-EBZSPGSXRM5AU,cable elbow-flexion,posture=standing|implement=cable|attachment=none|grip_orientation=supinated|grip_width=standard|laterality=bilateral|pattern=elbow-flexion|angle=flat|contraction=dynamic|range=full,standing,cable,elbow-flexion,bilateral,flat,isolation,biceps;brachialis
free-exercise-db,Hip_Extension_with_Bands,Hip Extension with Bands,OMEN-0.2-ECOKSVS3E6OQW,band elbow-extension,posture=standing|implement=band|attachment=none|grip_orientation=pronated|grip_width=standard|laterality=bilateral|pattern=elbow-extension|angle=flat|contraction=dynamic|range=full,standing,band,elbow-extension,bilateral,flat,isolation,triceps
free-exercise-db,Hip_Flexion_with_Band,Hip Flexion with Band,OMEN-0.2-PVI6FMUN63U6I,band hip-flexion,posture=standing|implement=band|attachment=none|grip_orientation=neutral|grip_width=standard|laterality=bilateral|pattern=hip-flexion|angle=flat|contraction=dynamic|range=full,standing,band,hip-flexion,bilateral,flat,isolation,iliopsoas;rectus-femoris
free-exercise-db,Hip_Lift_with_Band,Hip Lift with Band,OMEN-0.2-37KL4457IYFMC,band hip-extension,posture=supine|implement=band|attachment=none|grip_orientation=neutral|grip_width=standard|laterality=bilateral|pattern=hip-extension|angle=flat|contraction=dynamic|range=full,supine,band,hip-extension,bilateral,flat,isolation,gluteus-maximus
free-exercise-db,Hyperextensions_With_No_Hyperextension_Bench,Hyperextensions With No Hyperextension Bench,OMEN-0.2-WLGVIGKCZL73U,spinal-extension,posture=standing|implement=bodyweight|attachment=none|grip_orientation=neutral|grip_width=standard|laterality=bilateral|pattern=spinal-extension|angle=flat|contraction=dynamic|range=full,standing,bodyweight,spinal-extension,bilateral,flat,isolation,erector-spinae
free-exercise-db,Incline_Barbell_Triceps_Extension,Incline Barbell Triceps Extension,OMEN-0.2-4TO7RRKV7KKJ2,incline barbell elbow-extension,posture=standing|implement=barbell|attachment=none|grip_orientation=pronated|grip_width=standard|laterality=bilateral|pattern=elbow-extension|angle=incline|contraction=dynamic|range=full,standing,barbell,elbow-extension,bilateral,incline,isolation,triceps
free-exercise-db,Incline_Bench_Pull,Incline Bench Pull,OMEN-0.2-AOGDRV6A7YEGY,incline barbell horizontal-pull,posture=bent-over|implement=barbell|attachment=none|grip_orientation=pronated|grip_width=standard|laterality=bilateral|pattern=horizontal-pull|angle=incline|contraction=dynamic|range=full,bent-over,barbell,horizontal-pull,bilateral,incline,compound,latissimus-dorsi;rhomboids;mid-trapezius;posterior-deltoid
free-exercise-db,Incline_Cable_Chest_Press,Incline Cable Chest Press,OMEN-0.2-RPVBGR6UC4WPQ,incline cable horizontal-push,posture=supine|implement=cable|attachment=none|grip_orientation=pronated|grip_width=standard|laterality=bilateral|pattern=horizontal-push|angle=incline|contraction=dynamic|range=full,supine,cable,horizontal-push,bilateral,incline,compound,pectoralis-major;anterior-deltoid;triceps
free-exercise-db,Incline_Cable_Flye,Incline Cable Flye,OMEN-0.2-54LFUHXYJ2EAW,incline cable shoulder-horizontal-adduction,posture=standing|implement=cable|attachment=none|grip_orientation=neutral|grip_width=standard|laterality=bilateral|pattern=shoulder-horizontal-adduction|angle=incline|contraction=dynamic|range=full,standing,cable,shoulder-horizontal-adduction,bilateral,incline,isolation,pectoralis-major
free-exercise-db,Incline_Dumbbell_Bench_With_Palms_Facing_In,Incline Dumbbell Bench With Palms Facing In,OMEN-0.2-CRBWWU6C4RMIK,incline dumbbell horizontal-push,posture=supine|implement=dumbbell|attachment=none|grip_orientation=pronated|grip_width=standard|laterality=bilateral|pattern=horizontal-push|angle=incline|contraction=dynamic|range=full,supine,dumbbell,horizontal-push,bilateral,incline,compound,pectoralis-major;anterior-deltoid;triceps
free-exercise-db,Incline_Dumbbell_Curl,Incline Dumbbell Curl,OMEN-0.2-VAHBX7VRCINDQ,incline dumbbell elbow-flexion,posture=standing|implement=dumbbell|attachment=none|grip_orientation=supinated|grip_width=standard|laterality=bilateral|pattern=elbow-flexion|angle=incline|contraction=dynamic|range=full,standing,dumbbell,elbow-flexion,bilateral,incline,isolation,biceps;brachialis
free-exercise-db,Incline_Dumbbell_Flyes,Incline Dumbbell Flyes,OMEN-0.2-5A4NOYC5LXROQ,incline dumbbell shoulder-horizontal-adduction,posture=standing|implement=dumbbell|attachment=none|grip_orientation=neutral|grip_width=standard|laterality=bilateral|pattern=shoulder-horizontal-adduction|angle=incline|contraction=dynamic|range=full,standing,dumbbell,shoulder-horizontal-adduction,bilateral,incline,isolation,pectoralis-major
free-exercise-db,Incline_Dumbbell_Flyes_-_With_A_Twist,Incline Dumbbell Flyes - With A Twist,OMEN-0.2-V5ZXPJ7T7IJFW,incline dumbbell rotation,posture=standing|implement=dumbbell|attachment=none|grip_orientation=neutral|grip_width=standard|laterality=bilateral|pattern=rotation|angle=incline|contraction=dynamic|range=full,standing,dumbbell,rotation,bilateral,incline,isolation,obliques
free-exercise-db,Incline_Dumbbell_Press,Incline Dumbbell Press,OMEN-0.2-MG25DIXP5TSWW,incline dumbbell vertical-push,posture=standing|implement=dumbbell|attachment=none|grip_orientation=pronated|grip_width=standard|laterality=bilateral|pattern=vertical-push|angle=incline|contraction=dynamic|range=full,standing,dumbbell,vertical-push,bilateral,incline,compound,anterior-deltoid;triceps;upper-pectoralis
free-exercise-db,Incline_Hammer_Curls,Incline Hammer Curls,OMEN-0.2-EYRWKY2QBKYYW,incline dumbbell neutral elbow-flexion,posture=standing|implement=dumbbell|attachment=none|grip_orientation=neutral|grip_width=standard|laterality=bilateral|pattern=elbow-flexion|angle=incline|contraction=dynamic|range=full,standing,dumbbell,elbow-flexion,bilateral,incline,isolation,biceps;brachialis
free-exercise-db,Incline_Inner_Biceps_Curl,Incline Inner Biceps Curl,OMEN-0.2-VAHBX7VRCINDQ,incline dumbbell elbow-flexion,posture=standing|implement=dumbbell|attachment=none|grip_orientation=supinated|grip_width=standard|laterality=bilateral|pattern=elbow-flexion|angle=incline|contraction=dynamic|range=full,standing,dumbbell,elbow-flexion,bilateral,incline,isolation,biceps;brachialis
free-exercise-db,Incline_Push-Up,Incline Push-Up,OMEN-0.2-PS43I5B6EKYHE,incline horizontal-push,posture=supine|implement=bodyweight|attachment=none|grip_orientation=pronated|grip_width=standard|laterality=bilateral|pattern=horizontal-push|angle=incline|contraction=dynamic|range=full,supine,bodyweight,horizontal-push,bilateral,incline,compound,pectoralis-major;anterior-deltoid;triceps
free-exercise-db,Incline_Push-Up_Close-Grip,Incline Push-Up Close-Grip,OMEN-0.2-XSBCFTW2U5FEQ,incline close-grip horizontal-push,posture=supine|implement=bodyweight|attachment=none|grip_orientation=pronated|grip_width=close|laterality=bilateral|pattern=horizontal-push|angle=incline|contraction=dynamic|range=full,supine,bodyweight,horizontal-push,bilateral,incline,compound,pectoralis-major;anterior-deltoid;triceps
free-exercise-db,Incline_Push-Up_Medium,Incline Push-Up Medium,OMEN-0.2-PS43I5B6EKYHE,incline horizontal-push,posture=supine|implement=bodyweight|attachment=none|grip_orientation=pronated|grip_width=standard|laterality=bilateral|pattern=horizontal-push|angle=incline|contraction=dynamic|range=full,supine,bodyweight,horizontal-push,bilateral,incline,compound,pectoralis-major;anterior-deltoid;triceps
free-exercise-db,Incline_Push-Up_Reverse_Grip,Incline Push-Up Reverse Grip,OMEN-0.2-KQX5HWHB6VZXS,incline supinated horizontal-push,posture=supine|implement=bodyweight|attachment=none|grip_orientation=supinated|grip_width=standard|laterality=bilateral|pattern=horizontal-push|angle=incline|contraction=dynamic|range=full,supine,bodyweight,horizontal-push,bilateral,incline,compound,pectoralis-major;anterior-deltoid;triceps
free-exercise-db,Incline_Push-Up_Wide,Incline Push-Up Wide,OMEN-0.2-YBETMXFMVDKBG,incline wide-grip horizontal-push,posture=supine|implement=bodyweight|attachment=none|grip_orientation=pronated|grip_width=wide|laterality=bilateral|pattern=horizontal-push|angle=incline|contraction=dynamic|range=full,supine,bodyweight,horizontal-push,bilateral,incline,compound,pectoralis-major;anterior-deltoid;triceps
free-exercise-db,Internal_Rotation_with_Band,Internal Rotation with Band,OMEN-0.2-BQYZE4EXBBUDQ,band shoulder-internal-rotation,posture=standing|implement=band|attachment=none|grip_orientation=neutral|grip_width=standard|laterality=bilateral|pattern=shoulder-internal-rotation|angle=flat|contraction=dynamic|range=full,standing,band,shoulder-internal-rotation,bilateral,flat,isolation,subscapularis
free-exercise-db,Iron_Cross,Iron Cross,OMEN-0.2-QPXDT4WQ2KFYE,dumbbell vertical-push,posture=standing|implement=dumbbell|attachment=none|grip_orientation=pronated|grip_width=standard|laterality=bilateral|pattern=vertical-push|angle=flat|contraction=dynamic|range=full,standing,dumbbell,vertical-push,bilateral,flat,compound,anterior-deltoid;triceps;upper-pectoralis
free-exercise-db,Isometric_Neck_Exercise_-_Front_And_Back,Isometric Neck Exercise - Front And Back,OMEN-0.2-NNFF7NTIMAL7Y,cervical-flexion isometric,posture=standing|implement=bodyweight|attachment=none|grip_orientation=neutral|grip_width=standard|laterality=bilateral|pattern=cervical-flexion|angle=flat|contraction=isometric|range=full,standing,bodyweight,cervical-flexion,bilateral,flat,isolation,sternocleidomastoid
free-exercise-db,Isometric_Neck_Exercise_-_Sides,Isometric Neck Exercise - Sides,OMEN-0.2-NNFF7NTIMAL7Y,cervical-flexion isometric,posture=standing|implement=bodyweight|attachment=none|grip_orientation=neutral|grip_width=standard|laterality=bilateral|pattern=cervical-flexion|angle=flat|contraction=isometric|range=full,standing,bodyweight,cervical-flexion,bilateral,flat,isolation,sternocleidomastoid
free-exercise-db,Isometric_Wipers,Isometric Wipers,OMEN-0.2-K73IP67DU5OO6,horizontal-push isometric,posture=supine|implement=bodyweight|attachment=none|grip_orientation=pronated|grip_width=standard|laterality=bilateral|pattern=horizontal-push|angle=flat|contraction=isometric|range=full,supine,bodyweight,horizontal-push,bilateral,flat,compound,pectoralis-major;anterior-deltoid;triceps
free-exercise-db,JM_Press,JM Press,OMEN-0.2-QGKZEQ6ZHHXGQ,barbell vertical-push,posture=standing|implement=barbell|attachment=none|grip_orientation=pronated|grip_width=standard|laterality=bilateral|pattern=vertical-push|angle=flat|contraction=dynamic|range=full,standing,barbell,vertical-push,bilateral,flat,compound,anterior-deltoid;triceps;upper-pectoralis
free-exercise-db,Jackknife_Sit-Up,Jackknife Sit-Up,OMEN-0.2-NEBO6LLZQU252,spinal-flexion,posture=supine|implement=bodyweight|attachment=none|grip_orientation=neutral|grip_width=standard|laterality=bilateral|pattern=spinal-flexion|angle=flat|contraction=dynamic|range=full,supine,bodyweight,spinal-flexion,bilateral,flat,isolation,rectus-abdominis
free-exercise-db,Janda_Sit-Up,Janda Sit-Up,OMEN-0.2-NEBO6LLZQU252,spinal-flexion,posture=supine|implement=bodyweight|attachment=none|grip_orientation=neutral|grip_width=standard|laterality=bilateral|pattern=spinal-flexion|angle=flat|contraction=dynamic|range=full,supine,bodyweight,spinal-flexion,bilateral,flat,isolation,rectus-abdominis
free-exercise-db,Jefferson_Squats,Jefferson Squats,OMEN-0.2-HWYDOFIMW3MXQ,barbell squat,posture=standing|implement=barbell|attachment=none|grip_orientation=neutral|grip_width=standard|laterality=bilateral|pattern=squat|angle=flat|contraction=dynamic|range=full,standing,barbell,squat,bilateral,flat,compound,quadriceps;gluteus-maximus
free-exercise-db,Kettlebell_Arnold_Press,Kettlebell Arnold Press,OMEN-0.2-2OIWIU7HL3XGY,kettlebell vertical-push,posture=standing|implement=kettlebell|attachment=none|grip_orientation=pronated|grip_width=standard|laterality=bilateral|pattern=vertical-push|angle=flat|contraction=dynamic|range=full,standing,kettlebell,vertical-push,bilateral,flat,compound,anterior-deltoid;triceps;upper-pectoralis
free-exercise-db,Kettlebell_Figure_8,Kettlebell Figure 8,OMEN-0.2-ERPYUQXRJW7Z4,kettlebell spinal-flexion,posture=supine|implement=kettlebell|attachment=none|grip_orientation=neutral|grip_width=standard|laterality=bilateral|pattern=spinal-flexion|angle=flat|contraction=dynamic|range=full,supine,kettlebell,spinal-flexion,bilateral,flat,isolation,rectus-abdominis
free-exercise-db,Kettlebell_Halo,Kettlebell Halo,OMEN-0.2-2OIWIU7HL3XGY,kettlebell vertical-push,posture=standing|implement=kettlebell|attachment=none|grip_orientation=pronated|grip_width=standard|laterality=bilateral|pattern=vertical-push|angle=flat|contraction=dynamic|range=full,standing,kettlebell,vertical-push,bilateral,flat,compound,anterior-deltoid;triceps;upper-pectoralis
free-exercise-db,Kettlebell_Halo_With_Overhead_Extension,Kettlebell Halo with Overhead Extension,OMEN-0.2-5DDJD2UM7ZWEO,kettlebell elbow-extension,posture=standing|implement=kettlebell|attachment=none|grip_orientation=pronated|grip_width=standard|laterality=bilateral|pattern=elbow-extension|angle=flat|contraction=dynamic|range=full,standing,kettlebell,elbow-extension,bilateral,flat,isolation,triceps
free-exercise-db,Kettlebell_One-Legged_Deadlift,Kettlebell One-Legged Deadlift,OMEN-0.2-LOVGFN5GRMKUW,kettlebell unilateral hip-hinge,posture=standing|implement=kettlebell|attachment=none|grip_orientation=neutral|grip_width=standard|laterality=unilateral|pattern=hip-hinge|angle=flat|contraction=dynamic|range=full,standing,kettlebell,hip-hinge,unilateral,flat,compound,gluteus-maximus;hamstrings;erector-spinae
free-exercise-db,Kettlebell_Overhead_Triceps_Extension,Kettlebell Overhead Triceps Extension,OMEN-0.2-5DDJD2UM7ZWEO,kettlebell elbow-extension,posture=standing|implement=kettlebell|attachment=none|grip_orientation=pronated|grip_width=standard|laterality=bilateral|pattern=elbow-extension|angle=flat|contraction=dynamic|range=full,standing,kettlebell,elbow-extension,bilateral,flat,isolation,triceps
free-exercise-db,Kettlebell_Pass_Between_The_Legs,Kettlebell Pass Between The Legs,OMEN-0.2-ERPYUQXRJW7Z4,kettlebell spinal-flexion,posture=supine|implement=kettlebell|attachment=none|grip_orientation=neutral|grip_width=standard|laterality=bilateral|pattern=spinal-flexion|angle=flat|contraction=dynamic|range=full,supine,kettlebell,spinal-flexion,bilateral,flat,isolation,rectus-abdominis
free-exercise-db,Kettlebell_Pirate_Ships,Kettlebell Pirate Ships,OMEN-0.2-2OIWIU7HL3XGY,kettlebell vertical-push,posture=standing|implement=kettlebell|attachment=none|grip_orientation=pronated|grip_width=standard|laterality=bilateral|pattern=vertical-push|angle=flat|contraction=dynamic|range=full,standing,kettlebell,vertical-push,bilateral,flat,compound,anterior-deltoid;triceps;upper-pectoralis
free-exercise-db,Kettlebell_Pistol_Squat,Kettlebell Pistol Squat,OMEN-0.2-EQIBZVEED3L2Q,kettlebell squat,posture=standing|implement=kettlebell|attachment=none|grip_orientation=neutral|grip_width=standard|laterality=bilateral|pattern=squat|angle=flat|contraction=dynamic|range=full,standing,kettlebell,squat,bilateral,flat,compound,quadriceps;gluteus-maximus
free-exercise-db,Kettlebell_Seated_Press,Kettlebell Seated Press,OMEN-0.2-OMEMOWWRWJPGI,seated kettlebell vertical-push,posture=seated|implement=kettlebell|attachment=none|grip_orientation=pronated|grip_width=standard|laterality=bilateral|pattern=vertical-push|angle=flat|contraction=dynamic|range=full,seated,kettlebell,vertical-push,bilateral,flat,compound,anterior-deltoid;triceps;upper-pectoralis
free-exercise-db,Kettlebell_Seesaw_Press,Kettlebell Seesaw Press,OMEN-0.2-2OIWIU7HL3XGY,kettlebell vertical-push,posture=standing|implement=kettlebell|attachment=none|grip_orientation=pronated|grip_width=standard|laterality=bilateral|pattern=vertical-push|angle=flat|contraction=dynamic|range=full,standing,kettlebell,vertical-push,bilateral,flat,compound,anterior-deltoid;triceps;upper-pectoralis
free-exercise-db,Kettlebell_Sumo_High_Pull,Kettlebell Sumo High Pull,OMEN-0.2-4FASRYSHAZSMW,kettlebell scapular-elevation,posture=standing|implement=kettlebell|attachment=none|grip_orientation=neutral|grip_width=standard|laterality=bilateral|pattern=scapular-elevation|angle=flat|contraction=dynamic|range=full,standing,kettlebell,scapular-elevation,bilateral,flat,isolation,upper-trapezius
free-exercise-db,Kettlebell_Windmill,Kettlebell Windmill,OMEN-0.2-ERPYUQXRJW7Z4,kettlebell spinal-flexion,posture=supine|implement=kettlebell|attachment=none|grip_orientation=neutral|grip_width=standard|laterality=bilateral|pattern=spinal-flexion|angle=flat|contraction=dynamic|range=full,supine,kettlebell,spinal-flexion,bilateral,flat,isolation,rectus-abdominis
free-exercise-db,Kneeling_Cable_Crunch_With_Alternating_Oblique_Twists,Kneeling Cable Crunch With Alternating Oblique Twists,OMEN-0.2-X7MVMSKCI2QKC,cable alternating spinal-flexion,posture=kneeling|implement=cable|attachment=none|grip_orientation=neutral|grip_width=standard|laterality=alternating|pattern=spinal-flexion|angle=flat|contraction=dynamic|range=full,kneeling,cable,spinal-flexion,alternating,flat,isolation,rectus-abdominis
free-exercise-db,Kneeling_Cable_Triceps_Extension,Kneeling Cable Triceps Extension,OMEN-0.2-TEY6X76YHTGZA,cable elbow-extension,posture=kneeling|implement=cable|attachment=none|grip_orientation=pronated|grip_width=standard|laterality=bilateral|pattern=elbow-extension|angle=flat|contraction=dynamic|range=full,kneeling,cable,elbow-extension,bilateral,flat,isolation,triceps
free-exercise-db,Kneeling_High_Pulley_Row,Kneeling High Pulley Row,OMEN-0.2-2RC2377YHYNN2,cable horizontal-pull,posture=kneeling|implement=cable|attachment=none|grip_orientation=pronated|grip_width=standard|laterality=bilateral|pattern=horizontal-pull|angle=flat|contraction=dynamic|range=full,kneeling,cable,horizontal-pull,bilateral,flat,compound,latissimus-dorsi;rhomboids;mid-trapezius;posterior-deltoid
free-exercise-db,Kneeling_Jump_Squat,Kneeling Jump Squat,OMEN-0.2-6GJU3CFX2JJGW,kneeling barbell squat,posture=kneeling|implement=barbell|attachment=none|grip_orientation=neutral|grip_width=standard|laterality=bilateral|pattern=squat|angle=flat|contraction=dynamic|range=full,kneeling,barbell,squat,bilateral,flat,compound,quadriceps;gluteus-maximus
free-exercise-db,Kneeling_Single-Arm_High_Pulley_Row,Kneeling Single-Arm High Pulley Row,OMEN-0.2-KWCXZSMQSBRMC,cable unilateral horizontal-pull,posture=kneeling|implement=cable|attachment=none|grip_orientation=pronated|grip_width=standard|laterality=unilateral|pattern=horizontal-pull|angle=flat|contraction=dynamic|range=full,kneeling,cable,horizontal-pull,unilateral,flat,compound,latissimus-dorsi;rhomboids;mid-trapezius;posterior-deltoid
free-exercise-db,Kneeling_Squat,Kneeling Squat,OMEN-0.2-6GJU3CFX2JJGW,kneeling barbell squat,posture=kneeling|implement=barbell|attachment=none|grip_orientation=neutral|grip_width=standard|laterality=bilateral|pattern=squat|angle=flat|contraction=dynamic|range=full,kneeling,barbell,squat,bilateral,flat,compound,quadriceps;gluteus-maximus
free-exercise-db,Landmine_180s,Landmine 180's,OMEN-0.2-ZNCYEPXL6KB3O,barbell spinal-flexion,posture=supine|implement=barbell|attachment=none|grip_orientation=neutral|grip_width=standard|laterality=bilateral|pattern=spinal-flexion|angle=flat|contraction=dynamic|range=full,supine,barbell,spinal-flexion,bilateral,flat,isolation,rectus-abdominis
free-exercise-db,Landmine_Linear_Jammer,Landmine Linear Jammer,OMEN-0.2-QGKZEQ6ZHHXGQ,barbell vertical-push,posture=standing|implement=barbell|attachment=none|grip_orientation=pronated|grip_width=standard|laterality=bilateral|pattern=vertical-push|angle=flat|contraction=dynamic|range=full,standing,barbell,vertical-push,bilateral,flat,compound,anterior-deltoid;triceps;upper-pectoralis
free-exercise-db,Lateral_Raise_-_With_Bands,Lateral Raise - With Bands,OMEN-0.2-RXMJBUACCNGTU,band shoulder-abduction,posture=standing|implement=band|attachment=none|grip_orientation=neutral|grip_width=standard|laterality=bilateral|pattern=shoulder-abduction|angle=flat|contraction=dynamic|range=full,standing,band,shoulder-abduction,bilateral,flat,isolation,lateral-deltoid
free-exercise-db,Leg-Over_Floor_Press,Leg-Over Floor Press,OMEN-0.2-ACKOEN7SXF7G6,kettlebell horizontal-push,posture=supine|implement=kettlebell|attachment=none|grip_orientation=pronated|grip_width=standard|laterality=bilateral|pattern=horizontal-push|angle=flat|contraction=dynamic|range=full,supine,kettlebell,horizontal-push,bilateral,flat,compound,pectoralis-major;anterior-deltoid;triceps
free-exercise-db,Leg_Extensions,Leg Extensions,OMEN-0.2-UTLZD6O4DNE74,machine knee-extension,posture=seated|implement=machine|attachment=none|grip_orientation=neutral|grip_width=standard|laterality=bilateral|pattern=knee-extension|angle=flat|contraction=dynamic|range=full,seated,machine,knee-extension,bilateral,flat,isolation,quadriceps
free-exercise-db,Leg_Lift,Leg Lift,OMEN-0.2-JOKAICHWAL4SM,hip-flexion,posture=standing|implement=bodyweight|attachment=none|grip_orientation=neutral|grip_width=standard|laterality=bilateral|pattern=hip-flexion|angle=flat|contraction=dynamic|range=full,standing,bodyweight,hip-flexion,bilateral,flat,isolation,iliopsoas;rectus-femoris
free-exercise-db,Leg_Press,Leg Press,OMEN-0.2-JR3MWAE5E5CWG,machine squat,posture=standing|implement=machine|attachment=none|grip_orientation=neutral|grip_width=standard|laterality=bilateral|pattern=squat|angle=flat|contraction=dynamic|range=full,standing,machine,squat,bilateral,flat,compound,quadriceps;gluteus-maximus
free-exercise-db,Leg_Pull-In,Leg Pull-In,OMEN-0.2-NEBO6LLZQU252,spinal-flexion,posture=supine|implement=bodyweight|attachment=none|grip_orientation=neutral|grip_width=standard|laterality=bilateral|pattern=spinal-flexion|angle=flat|contraction=dynamic|range=full,supine,bodyweight,spinal-flexion,bilateral,flat,isolation,rectus-abdominis
free-exercise-db,Leverage_Chest_Press,Leverage Chest Press,OMEN-0.2-3UPZ3OXB2RIYC,machine horizontal-push,posture=supine|implement=machine|attachment=none|grip_orientation=pronated|grip_width=standard|laterality=bilateral|pattern=horizontal-push|angle=flat|contraction=dynamic|range=full,supine,machine,horizontal-push,bilateral,flat,compound,pectoralis-major;anterior-deltoid;triceps
free-exercise-db,Leverage_Deadlift,Leverage Deadlift,OMEN-0.2-NLAWTVEAQ7DHK,machine hip-hinge,posture=standing|implement=machine|attachment=none|grip_orientation=neutral|grip_width=standard|laterality=bilateral|pattern=hip-hinge|angle=flat|contraction=dynamic|range=full,standing,machine,hip-hinge,bilateral,flat,compound,gluteus-maximus;hamstrings;erector-spinae
free-exercise-db,Leverage_Decline_Chest_Press,Leverage Decline Chest Press,OMEN-0.2-US7F33CAAK23E,decline machine horizontal-push,posture=supine|implement=machine|attachment=none|grip_orientation=pronated|grip_width=standard|laterality=bilateral|pattern=horizontal-push|angle=decline|contraction=dynamic|range=full,supine,machine,horizontal-push,bilateral,decline,compound,pectoralis-major;anterior-deltoid;triceps
free-exercise-db,Leverage_High_Row,Leverage High Row,OMEN-0.2-2VX3Y7CDWCCZW,machine horizontal-pull,posture=bent-over|implement=machine|attachment=none|grip_orientation=pronated|grip_width=standard|laterality=bilateral|pattern=horizontal-pull|angle=flat|contraction=dynamic|range=full,bent-over,machine,horizontal-pull,bilateral,flat,compound,latissimus-dorsi;rhomboids;mid-trapezius;posterior-deltoid
free-exercise-db,Leverage_Incline_Chest_Press,Leverage Incline Chest Press,OMEN-0.2-HM7XIKUTW3MQC,incline machine horizontal-push,posture=supine|implement=machine|attachment=none|grip_orientation=pronated|grip_width=standard|laterality=bilateral|pattern=horizontal-push|angle=incline|contraction=dynamic|range=full,supine,machine,horizontal-push,bilateral,incline,compound,pectoralis-major;anterior-deltoid;triceps
free-exercise-db,Leverage_Iso_Row,Leverage Iso Row,OMEN-0.2-2VX3Y7CDWCCZW,machine horizontal-pull,posture=bent-over|implement=machine|attachment=none|grip_orientation=pronated|grip_width=standard|laterality=bilateral|pattern=horizontal-pull|angle=flat|contraction=dynamic|range=full,bent-over,machine,horizontal-pull,bilateral,flat,compound,latissimus-dorsi;rhomboids;mid-trapezius;posterior-deltoid
free-exercise-db,Leverage_Shoulder_Press,Leverage Shoulder Press,OMEN-0.2-6ADFLWBYLTH2Y,machine vertical-push,posture=standing|implement=machine|attachment=none|grip_orientation=pronated|grip_width=standard|laterality=bilateral|pattern=vertical-push|angle=flat|contraction=dynamic|range=full,standing,machine,vertical-push,bilateral,flat,compound,anterior-deltoid;triceps;upper-pectoralis
free-exercise-db,Leverage_Shrug,Leverage Shrug,OMEN-0.2-GCEW2DJVWK2CW,machine scapular-elevation,posture=standing|implement=machine|attachment=none|grip_orientation=neutral|grip_width=standard|laterality=bilateral|pattern=scapular-elevation|angle=flat|contraction=dynamic|range=full,standing,machine,scapular-elevation,bilateral,flat,isolation,upper-trapezius
free-exercise-db,Low_Cable_Crossover,Low Cable Crossover,OMEN-0.2-WUA6WN6MDFNDS,cable horizontal-push,posture=supine|implement=cable|attachment=none|grip_orientation=pronated|grip_width=standard|laterality=bilateral|pattern=horizontal-push|angle=flat|contraction=dynamic|range=full,supine,cable,horizontal-push,bilateral,flat,compound,pectoralis-major;anterior-deltoid;triceps
free-exercise-db,Low_Cable_Triceps_Extension,Low Cable Triceps Extension,OMEN-0.2-ZASNKFPNICBCY,cable elbow-extension,posture=standing|implement=cable|attachment=none|grip_orientation=pronated|grip_width=standard|laterality=bilateral|pattern=elbow-extension|angle=flat|contraction=dynamic|range=full,standing,cable,elbow-extension,bilateral,flat,isolation,triceps
free-exercise-db,Low_Pulley_Row_To_Neck,Low Pulley Row To Neck,OMEN-0.2-624EQWAP6WYWE,cable cervical-flexion,posture=standing|implement=cable|attachment=none|grip_orientation=neutral|grip_width=standard|laterality=bilateral|pattern=cervical-flexion|angle=flat|contraction=dynamic|range=full,standing,cable,cervical-flexion,bilateral,flat,isolation,sternocleidomastoid
free-exercise-db,Lunge_Pass_Through,Lunge Pass Through,OMEN-0.2-XVQG6RPGWCHW2,kettlebell lunge,posture=standing|implement=kettlebell|attachment=none|grip_orientation=neutral|grip_width=standard|laterality=bilateral|pattern=lunge|angle=flat|contraction=dynamic|range=full,standing,kettlebell,lunge,bilateral,flat,compound,quadriceps;gluteus-maximus
free-exercise-db,Lunge_Sprint,Lunge Sprint,OMEN-0.2-EXI2UHHVI7A2E,machine lunge,posture=standing|implement=machine|attachment=none|grip_orientation=neutral|grip_width=standard|laterality=bilateral|pattern=lunge|angle=flat|contraction=dynamic|range=full,standing,machine,lunge,bilateral,flat,compound,quadriceps;gluteus-maximus
free-exercise-db,Lying_Cable_Curl,Lying Cable Curl,OMEN-0.2-RXINHA5633GFM,cable elbow-flexion,posture=supine|implement=cable|attachment=none|grip_orientation=supinated|grip_width=standard|laterality=bilateral|pattern=elbow-flexion|angle=flat|contraction=dynamic|range=full,supine,cable,elbow-flexion,bilateral,flat,isolation,biceps;brachialis
free-exercise-db,Lying_Cambered_Barbell_Row,Lying Cambered Barbell Row,OMEN-0.2-GR4WQBNHRNQEC,barbell horizontal-pull,posture=supine|implement=barbell|attachment=none|grip_orientation=pronated|grip_width=standard|laterality=bilateral|pattern=horizontal-pull|angle=flat|contraction=dynamic|range=full,supine,barbell,horizontal-pull,bilateral,flat,compound,latissimus-dorsi;rhomboids;mid-trapezius;posterior-deltoid
free-exercise-db,Lying_Close-Grip_Bar_Curl_On_High_Pulley,Lying Close-Grip Bar Curl On High Pulley,OMEN-0.2-UIFWPHZJM43BC,cable close-grip elbow-flexion,posture=supine|implement=cable|attachment=none|grip_orientation=supinated|grip_width=close|laterality=bilateral|pattern=elbow-flexion|angle=flat|contraction=dynamic|range=full,supine,cable,elbow-flexion,bilateral,flat,isolation,biceps;brachialis
free-exercise-db,Lying_Close-Grip_Barbell_Triceps_Extension_Behind_The_Head,Lying Close-Grip Barbell Triceps Extension Behind The Head,OMEN-0.2-QPECPZ7RZO4ZY,barbell close-grip elbow-extension,posture=supine|implement=barbell|attachment=none|grip_orientation=pronated|grip_width=close|laterality=bilateral|pattern=elbow-extension|angle=flat|contraction=dynamic|range=full,supine,barbell,elbow-extension,bilateral,flat,isolation,triceps
free-exercise-db,Lying_Close-Grip_Barbell_Triceps_Press_To_Chin,Lying Close-Grip Barbell Triceps Press To Chin,OMEN-0.2-5VOMAN4RZVDRM,supine ez-bar close-grip vertical-push,posture=supine|implement=ez-bar|attachment=none|grip_orientation=pronated|grip_width=close|laterality=bilateral|pattern=vertical-push|angle=flat|contraction=dynamic|range=full,supine,ez-bar,vertical-push,bilateral,flat,compound,anterior-deltoid;triceps;upper-pectoralis
free-exercise-db,Lying_Dumbbell_Tricep_Extension,Lying Dumbbell Tricep Extension,OMEN-0.2-GZB37P2DWXIX2,dumbbell elbow-extension,posture=supine|implement=dumbbell|attachment=none|grip_orientation=pronated|grip_width=standard|laterality=bilateral|pattern=elbow-extension|angle=flat|contraction=dynamic|range=full,supine,dumbbell,elbow-extension,bilateral,flat,isolation,triceps
free-exercise-db,Lying_Face_Down_Plate_Neck_Resistance,Lying Face Down Plate Neck Resistance,OMEN-0.2-3NTKAZ7XRCXFK,plate cervical-flexion,posture=supine|implement=plate|attachment=none|grip_orientation=neutral|grip_width=standard|laterality=bilateral|pattern=cervical-flexion|angle=flat|contraction=dynamic|range=full,supine,plate,cervical-flexion,bilateral,flat,isolation,sternocleidomastoid
free-exercise-db,Lying_Face_Up_Plate_Neck_Resistance,Lying Face Up Plate Neck Resistance,OMEN-0.2-3NTKAZ7XRCXFK,plate cervical-flexion,posture=supine|implement=plate|attachment=none|grip_orientation=neutral|grip_width=standard|laterality=bilateral|pattern=cervical-flexion|angle=flat|contraction=dynamic|range=full,supine,plate,cervical-flexion,bilateral,flat,isolation,sternocleidomastoid
free-exercise-db,Lying_High_Bench_Barbell_Curl,Lying High Bench Barbell Curl,OMEN-0.2-KPZETYNYAFW5C,barbell elbow-flexion,posture=supine|implement=barbell|attachment=none|grip_orientation=supinated|grip_width=standard|laterality=bilateral|pattern=elbow-flexion|angle=flat|contraction=dynamic|range=full,supine,barbell,elbow-flexion,bilateral,flat,isolation,biceps;brachialis
free-exercise-db,Lying_Leg_Curls,Lying Leg Curls,OMEN-0.2-3L2QEDKRYH4YC,machine knee-flexion,posture=supine|implement=machine|attachment=none|grip_orientation=neutral|grip_width=standard|laterality=bilateral|pattern=knee-flexion|angle=flat|contraction=dynamic|range=full,supine,machine,knee-flexion,bilateral,flat,isolation,hamstrings
free-exercise-db,Lying_Machine_Squat,Lying Machine Squat,OMEN-0.2-ILZQJT7CJRYLS,supine machine squat,posture=supine|implement=machine|attachment=none|grip_orientation=neutral|grip_width=standard|laterality=bilateral|pattern=squat|angle=flat|contraction=dynamic|range=full,supine,machine,squat,bilateral,flat,compound,quadriceps;gluteus-maximus
free-exercise-db,Lying_One-Arm_Lateral_Raise,Lying One-Arm Lateral Raise,OMEN-0.2-UUMVN64UFVFOU,dumbbell unilateral shoulder-abduction,posture=supine|implement=dumbbell|attachment=none|grip_orientation=neutral|grip_width=standard|laterality=unilateral|pattern=shoulder-abduction|angle=flat|contraction=dynamic|range=full,supine,dumbbell,shoulder-abduction,unilateral,flat,isolation,lateral-deltoid
free-exercise-db,Lying_Rear_Delt_Raise,Lying Rear Delt Raise,OMEN-0.2-LK6YJZJUMP2YW,dumbbell shoulder-horizontal-abduction,posture=supine|implement=dumbbell|attachment=none|grip_orientation=neutral|grip_width=standard|laterality=bilateral|pattern=shoulder-horizontal-abduction|angle=flat|contraction=dynamic|range=full,supine,dumbbell,shoulder-horizontal-abduction,bilateral,flat,isolation,posterior-deltoid
free-exercise-db,Lying_Supine_Dumbbell_Curl,Lying Supine Dumbbell Curl,OMEN-0.2-LDESLWWEK2H4G,dumbbell elbow-flexion,posture=supine|implement=dumbbell|attachment=none|grip_orientation=supinated|grip_width=standard|laterality=bilateral|pattern=elbow-flexion|angle=flat|contraction=dynamic|range=full,supine,dumbbell,elbow-flexion,bilateral,flat,isolation,biceps;brachialis
free-exercise-db,Lying_T-Bar_Row,Lying T-Bar Row,OMEN-0.2-SPGI5OB4JJAEW,machine horizontal-pull,posture=supine|implement=machine|attachment=none|grip_orientation=pronated|grip_width=standard|laterality=bilateral|pattern=horizontal-pull|angle=flat|contraction=dynamic|range=full,supine,machine,horizontal-pull,bilateral,flat,compound,latissimus-dorsi;rhomboids;mid-trapezius;posterior-deltoid
free-exercise-db,Lying_Triceps_Press,Lying Triceps Press,OMEN-0.2-7XXLIZ4S6BOMQ,supine ez-bar vertical-push,posture=supine|implement=ez-bar|attachment=none|grip_orientation=pronated|grip_width=standard|laterality=bilateral|pattern=vertical-push|angle=flat|contraction=dynamic|range=full,supine,ez-bar,vertical-push,bilateral,flat,compound,anterior-deltoid;triceps;upper-pectoralis
free-exercise-db,Machine_Bench_Press,Machine Bench Press,OMEN-0.2-3UPZ3OXB2RIYC,machine horizontal-push,posture=supine|implement=machine|attachment=none|grip_orientation=pronated|grip_width=standard|laterality=bilateral|pattern=horizontal-push|angle=flat|contraction=dynamic|range=full,supine,machine,horizontal-push,bilateral,flat,compound,pectoralis-major;anterior-deltoid;triceps
free-exercise-db,Machine_Bicep_Curl,Machine Bicep Curl,OMEN-0.2-2SVDPKOX4A4OI,machine elbow-flexion,posture=standing|implement=machine|attachment=none|grip_orientation=supinated|grip_width=standard|laterality=bilateral|pattern=elbow-flexion|angle=flat|contraction=dynamic|range=full,standing,machine,elbow-flexion,bilateral,flat,isolation,biceps;brachialis
free-exercise-db,Machine_Preacher_Curls,Machine Preacher Curls,OMEN-0.2-2SVDPKOX4A4OI,machine elbow-flexion,posture=standing|implement=machine|attachment=none|grip_orientation=supinated|grip_width=standard|laterality=bilateral|pattern=elbow-flexion|angle=flat|contraction=dynamic|range=full,standing,machine,elbow-flexion,bilateral,flat,isolation,biceps;brachialis
free-exercise-db,Machine_Shoulder_Military_Press,Machine Shoulder (Military) Press,OMEN-0.2-6ADFLWBYLTH2Y,machine vertical-push,posture=standing|implement=machine|attachment=none|grip_orientation=pronated|grip_width=standard|laterality=bilateral|pattern=vertical-push|angle=flat|contraction=dynamic|range=full,standing,machine,vertical-push,bilateral,flat,compound,anterior-deltoid;triceps;upper-pectoralis
free-exercise-db,Machine_Triceps_Extension,Machine Triceps Extension,OMEN-0.2-W2UJGU5EDTCV2,machine elbow-extension,posture=standing|implement=machine|attachment=none|grip_orientation=pronated|grip_width=standard|laterality=bilateral|pattern=elbow-extension|angle=flat|contraction=dynamic|range=full,standing,machine,elbow-extension,bilateral,flat,isolation,triceps
free-exercise-db,Middle_Back_Shrug,Middle Back Shrug,OMEN-0.2-7KLBTG5UEYDUS,dumbbell scapular-elevation,posture=standing|implement=dumbbell|attachment=none|grip_orientation=neutral|grip_width=standard|laterality=bilateral|pattern=scapular-elevation|angle=flat|contraction=dynamic|range=full,standing,dumbbell,scapular-elevation,bilateral,flat,isolation,upper-trapezius
free-exercise-db,Monster_Walk,Monster Walk,OMEN-0.2-R4YDI4ZA5DPZA,band hip-abduction,posture=seated|implement=band|attachment=none|grip_orientation=neutral|grip_width=standard|laterality=bilateral|pattern=hip-abduction|angle=flat|contraction=dynamic|range=full,seated,band,hip-abduction,bilateral,flat,isolation,gluteus-medius
free-exercise-db,Narrow_Stance_Hack_Squats,Narrow Stance Hack Squats,OMEN-0.2-P2AS5AJ3T4NVQ,machine narrow-grip squat,posture=standing|implement=machine|attachment=none|grip_orientation=neutral|grip_width=narrow|laterality=bilateral|pattern=squat|angle=flat|contraction=dynamic|range=full,standing,machine,squat,bilateral,flat,compound,quadriceps;gluteus-maximus
free-exercise-db,Narrow_Stance_Leg_Press,Narrow Stance Leg Press,OMEN-0.2-P2AS5AJ3T4NVQ,machine narrow-grip squat,posture=standing|implement=machine|attachment=none|grip_orientation=neutral|grip_width=narrow|laterality=bilateral|pattern=squat|angle=flat|contraction=dynamic|range=full,standing,machine,squat,bilateral,flat,compound,quadriceps;gluteus-maximus
free-exercise-db,Narrow_Stance_Squats,Narrow Stance Squats,OMEN-0.2-QP7BUMKBWDK7Y,barbell narrow-grip squat,posture=standing|implement=barbell|attachment=none|grip_orientation=neutral|grip_width=narrow|laterality=bilateral|pattern=squat|angle=flat|contraction=dynamic|range=full,standing,barbell,squat,bilateral,flat,compound,quadriceps;gluteus-maximus
free-exercise-db,Natural_Glute_Ham_Raise,Natural Glute Ham Raise,OMEN-0.2-ZH4VK4KLQ3S3Q,knee-flexion,posture=prone|implement=bodyweight|attachment=none|grip_orientation=neutral|grip_width=standard|laterality=bilateral|pattern=knee-flexion|angle=flat|contraction=dynamic|range=full,prone,bodyweight,knee-flexion,bilateral,flat,isolation,hamstrings
free-exercise-db,Neck_Press,Neck Press,OMEN-0.2-UZPKJRIPUZZH4,barbell cervical-flexion,posture=standing|implement=barbell|attachment=none|grip_orientation=neutral|grip_width=standard|laterality=bilateral|pattern=cervical-flexion|angle=flat|contraction=dynamic|range=full,standing,barbell,cervical-flexion,bilateral,flat,isolation,sternocleidomastoid
free-exercise-db,Oblique_Crunches,Oblique Crunches,OMEN-0.2-NEBO6LLZQU252,spinal-flexion,posture=supine|implement=bodyweight|attachment=none|grip_orientation=neutral|grip_width=standard|laterality=bilateral|pattern=spinal-flexion|angle=flat|contraction=dynamic|range=full,supine,bodyweight,spinal-flexion,bilateral,flat,isolation,rectus-abdominis
free-exercise-db,Oblique_Crunches_-_On_The_Floor,Oblique Crunches - On The Floor,OMEN-0.2-NEBO6LLZQU252,spinal-flexion,posture=supine|implement=bodyweight|attachment=none|grip_orientation=neutral|grip_width=standard|laterality=bilateral|pattern=spinal-flexion|angle=flat|contraction=dynamic|range=full,supine,bodyweight,spinal-flexion,bilateral,flat,isolation,rectus-abdominis
free-exercise-db,Olympic_Squat,Olympic Squat,OMEN-0.2-HWYDOFIMW3MXQ,barbell squat,posture=standing|implement=barbell|attachment=none|grip_orientation=neutral|grip_width=standard|laterality=bilateral|pattern=squat|angle=flat|contraction=dynamic|range=full,standing,barbell,squat,bilateral,flat,compound,quadriceps;gluteus-maximus
free-exercise-db,One-Arm_Dumbbell_Row,One-Arm Dumbbell Row,OMEN-0.2-UOGDWEQXM4QTA,dumbbell unilateral horizontal-pull,posture=bent-over|implement=dumbbell|attachment=none|grip_orientation=pronated|grip_width=standard|laterality=unilateral|pattern=horizontal-pull|angle=flat|contraction=dynamic|range=full,bent-over,dumbbell,horizontal-pull,unilateral,flat,compound,latissimus-dorsi;rhomboids;mid-trapezius;posterior-deltoid
free-exercise-db,One-Arm_Flat_Bench_Dumbbell_Flye,One-Arm Flat Bench Dumbbell Flye,OMEN-0.2-ZHEXKNZAWW2Q6,dumbbell unilateral shoulder-horizontal-adduction,posture=standing|implement=dumbbell|attachment=none|grip_orientation=neutral|grip_width=standard|laterality=unilateral|pattern=shoulder-horizontal-adduction|angle=flat|contraction=dynamic|range=full,standing,dumbbell,shoulder-horizontal-adduction,unilateral,flat,isolation,pectoralis-major
free-exercise-db,One-Arm_High-Pulley_Cable_Side_Bends,One-Arm High-Pulley Cable Side Bends,OMEN-0.2-SLHQOEACY65EI,cable unilateral spinal-lateral-flexion,posture=standing|implement=cable|attachment=none|grip_orientation=neutral|grip_width=standard|laterality=unilateral|pattern=spinal-lateral-flexion|angle=flat|contraction=dynamic|range=full,standing,cable,spinal-lateral-flexion,unilateral,flat,isolation,obliques
free-exercise-db,One-Arm_Incline_Lateral_Raise,One-Arm Incline Lateral Raise,OMEN-0.2-XXFAG3CMYZW56,incline dumbbell unilateral shoulder-abduction,posture=standing|implement=dumbbell|attachment=none|grip_orientation=neutral|grip_width=standard|laterality=unilateral|pattern=shoulder-abduction|angle=incline|contraction=dynamic|range=full,standing,dumbbell,shoulder-abduction,unilateral,incline,isolation,lateral-deltoid
free-exercise-db,One-Arm_Kettlebell_Floor_Press,One-Arm Kettlebell Floor Press,OMEN-0.2-PTN2SBQCR6DLG,kettlebell unilateral horizontal-push,posture=supine|implement=kettlebell|attachment=none|grip_orientation=pronated|grip_width=standard|laterality=unilateral|pattern=horizontal-push|angle=flat|contraction=dynamic|range=full,supine,kettlebell,horizontal-push,unilateral,flat,compound,pectoralis-major;anterior-deltoid;triceps
free-exercise-db,One-Arm_Kettlebell_Military_Press_To_The_Side,One-Arm Kettlebell Military Press To The Side,OMEN-0.2-XPX7WFFJROGVA,kettlebell unilateral vertical-push,posture=standing|implement=kettlebell|attachment=none|grip_orientation=pronated|grip_width=standard|laterality=unilateral|pattern=vertical-push|angle=flat|contraction=dynamic|range=full,standing,kettlebell,vertical-push,unilateral,flat,compound,anterior-deltoid;triceps;upper-pectoralis
free-exercise-db,One-Arm_Kettlebell_Para_Press,One-Arm Kettlebell Para Press,OMEN-0.2-XPX7WFFJROGVA,kettlebell unilateral vertical-push,posture=standing|implement=kettlebell|attachment=none|grip_orientation=pronated|grip_width=standard|laterality=unilateral|pattern=vertical-push|angle=flat|contraction=dynamic|range=full,standing,kettlebell,vertical-push,unilateral,flat,compound,anterior-deltoid;triceps;upper-pectoralis
free-exercise-db,One-Arm_Kettlebell_Push_Press,One-Arm Kettlebell Push Press,OMEN-0.2-XPX7WFFJROGVA,kettlebell unilateral vertical-push,posture=standing|implement=kettlebell|attachment=none|grip_orientation=pronated|grip_width=standard|laterality=unilateral|pattern=vertical-push|angle=flat|contraction=dynamic|range=full,standing,kettlebell,vertical-push,unilateral,flat,compound,anterior-deltoid;triceps;upper-pectoralis
free-exercise-db,One-Arm_Kettlebell_Row,One-Arm Kettlebell Row,OMEN-0.2-BZ55HKMKRDYLG,kettlebell unilateral horizontal-pull,posture=bent-over|implement=kettlebell|attachment=none|grip_orientation=pronated|grip_width=standard|laterality=unilateral|pattern=horizontal-pull|angle=flat|contraction=dynamic|range=full,bent-over,kettlebell,horizontal-pull,unilateral,flat,compound,latissimus-dorsi;rhomboids;mid-trapezius;posterior-deltoid
free-exercise-db,One-Arm_Kettlebell_Swings,One-Arm Kettlebell Swings,OMEN-0.2-LOVGFN5GRMKUW,kettlebell unilateral hip-hinge,posture=standing|implement=kettlebell|attachment=none|grip_orientation=neutral|grip_width=standard|laterality=unilateral|pattern=hip-hinge|angle=flat|contraction=dynamic|range=full,standing,kettlebell,hip-hinge,unilateral,flat,compound,gluteus-maximus;hamstrings;erector-spinae
free-exercise-db,One-Arm_Long_Bar_Row,One-Arm Long Bar Row,OMEN-0.2-SWGXN6OTDUI5Y,barbell unilateral horizontal-pull,posture=bent-over|implement=barbell|attachment=none|grip_orientation=pronated|grip_width=standard|laterality=unilateral|pattern=horizontal-pull|angle=flat|contraction=dynamic|range=full,bent-over,barbell,horizontal-pull,unilateral,flat,compound,latissimus-dorsi;rhomboids;mid-trapezius;posterior-deltoid
free-exercise-db,One-Arm_Medicine_Ball_Slam,One-Arm Medicine Ball Slam,OMEN-0.2-ELZHGG6H72Q4Q,medicine-ball unilateral spinal-flexion,posture=supine|implement=medicine-ball|attachment=none|grip_orientation=neutral|grip_width=standard|laterality=unilateral|pattern=spinal-flexion|angle=flat|contraction=dynamic|range=full,supine,medicine-ball,spinal-flexion,unilateral,flat,isolation,rectus-abdominis
free-exercise-db,One-Arm_Overhead_Kettlebell_Squats,One-Arm Overhead Kettlebell Squats,OMEN-0.2-BGWENC5D5FAXY,kettlebell unilateral squat,posture=standing|implement=kettlebell|attachment=none|grip_orientation=neutral|grip_width=standard|laterality=unilateral|pattern=squat|angle=flat|contraction=dynamic|range=full,standing,kettlebell,squat,unilateral,flat,compound,quadriceps;gluteus-maximus
free-exercise-db,One-Arm_Side_Deadlift,One-Arm Side Deadlift,OMEN-0.2-FK2JXVLOTVK2G,barbell unilateral hip-hinge,posture=standing|implement=barbell|attachment=none|grip_orientation=neutral|grip_width=standard|laterality=unilateral|pattern=hip-hinge|angle=flat|contraction=dynamic|range=full,standing,barbell,hip-hinge,unilateral,flat,compound,gluteus-maximus;hamstrings;erector-spinae
free-exercise-db,One-Arm_Side_Laterals,One-Arm Side Laterals,OMEN-0.2-5HAPIRXIPME2C,dumbbell unilateral shoulder-abduction,posture=standing|implement=dumbbell|attachment=none|grip_orientation=neutral|grip_width=standard|laterality=unilateral|pattern=shoulder-abduction|angle=flat|contraction=dynamic|range=full,standing,dumbbell,shoulder-abduction,unilateral,flat,isolation,lateral-deltoid
free-exercise-db,One-Legged_Cable_Kickback,One-Legged Cable Kickback,OMEN-0.2-MLOL6G7Y6TTBG,cable unilateral elbow-extension,posture=standing|implement=cable|attachment=none|grip_orientation=pronated|grip_width=standard|laterality=unilateral|pattern=elbow-extension|angle=flat|contraction=dynamic|range=full,standing,cable,elbow-extension,unilateral,flat,isolation,triceps
free-exercise-db,One_Arm_Dumbbell_Bench_Press,One Arm Dumbbell Bench Press,OMEN-0.2-KYBGMXCO33UC2,dumbbell horizontal-push,posture=supine|implement=dumbbell|attachment=none|grip_orientation=pronated|grip_width=standard|laterality=bilateral|pattern=horizontal-push|angle=flat|contraction=dynamic|range=full,supine,dumbbell,horizontal-push,bilateral,flat,compound,pectoralis-major;anterior-deltoid;triceps
free-exercise-db,One_Arm_Dumbbell_Preacher_Curl,One Arm Dumbbell Preacher Curl,OMEN-0.2-ZNSD76WQCIMAE,dumbbell elbow-flexion,posture=standing|implement=dumbbell|attachment=none|grip_orientation=supinated|grip_width=standard|laterality=bilateral|pattern=elbow-flexion|angle=flat|contraction=dynamic|range=full,standing,dumbbell,elbow-flexion,bilateral,flat,isolation,biceps;brachialis
free-exercise-db,One_Arm_Floor_Press,One Arm Floor Press,OMEN-0.2-VRQRJHQSX5NX6,barbell horizontal-push,posture=supine|implement=barbell|attachment=none|grip_orientation=pronated|grip_width=standard|laterality=bilateral|pattern=horizontal-push|angle=flat|contraction=dynamic|range=full,supine,barbell,horizontal-push,bilateral,flat,compound,pectoralis-major;anterior-deltoid;triceps
free-exercise-db,One_Arm_Lat_Pulldown,One Arm Lat Pulldown,OMEN-0.2-R7LRNHCBP35RO,cable vertical-pull,posture=hanging|implement=cable|attachment=none|grip_orientation=pronated|grip_width=standard|laterality=bilateral|pattern=vertical-pull|angle=flat|contraction=dynamic|range=full,hanging,cable,vertical-pull,bilateral,flat,compound,latissimus-dorsi;teres-major
free-exercise-db,One_Arm_Pronated_Dumbbell_Triceps_Extension,One Arm Pronated Dumbbell Triceps Extension,OMEN-0.2-ZM2XSGIVSN5CG,dumbbell elbow-extension,posture=standing|implement=dumbbell|attachment=none|grip_orientation=pronated|grip_width=standard|laterality=bilateral|pattern=elbow-extension|angle=flat|contraction=dynamic|range=full,standing,dumbbell,elbow-extension,bilateral,flat,isolation,triceps
free-exercise-db,One_Arm_Supinated_Dumbbell_Triceps_Extension,One Arm Supinated Dumbbell Triceps Extension,OMEN-0.2-47OSRTYMQM53A,dumbbell supinated elbow-extension,posture=standing|implement=dumbbell|attachment=none|grip_orientation=supinated|grip_width=standard|laterality=bilateral|pattern=elbow-extension|angle=flat|contraction=dynamic|range=full,standing,dumbbell,elbow-extension,bilateral,flat,isolation,triceps
free-exercise-db,One_Leg_Barbell_Squat,One Leg Barbell Squat,OMEN-0.2-HWYDOFIMW3MXQ,barbell squat,posture=standing|implement=barbell|attachment=none|grip_orientation=neutral|grip_width=standard|laterality=bilateral|pattern=squat|angle=flat|contraction=dynamic|range=full,standing,barbell,squat,bilateral,flat,compound,quadriceps;gluteus-maximus
free-exercise-db,Overhead_Cable_Curl,Overhead Cable Curl,OMEN-0.2-EBZSPGSXRM5AU,cable elbow-flexion,posture=standing|implement=cable|attachment=none|grip_orientation=supinated|grip_width=standard|laterality=bilateral|pattern=elbow-flexion|angle=flat|contraction=dynamic|range=full,standing,cable,elbow-flexion,bilateral,flat,isolation,biceps;brachialis
free-exercise-db,Overhead_Squat,Overhead Squat,OMEN-0.2-HWYDOFIMW3MXQ,barbell squat,posture=standing|implement=barbell|attachment=none|grip_orientation=neutral|grip_width=standard|laterality=bilateral|pattern=squat|angle=flat|contraction=dynamic|range=full,standing,barbell,squat,bilateral,flat,compound,quadriceps;gluteus-maximus
free-exercise-db,Pallof_Press,Pallof Press,OMEN-0.2-OIQNRK6SDKVF2,cable anti-rotation,posture=standing|implement=cable|attachment=none|grip_orientation=neutral|grip_width=standard|laterality=bilateral|pattern=anti-rotation|angle=flat|contraction=dynamic|range=full,standing,cable,anti-rotation,bilateral,flat,isolation,obliques
free-exercise-db,Pallof_Press_With_Rotation,Pallof Press With Rotation,OMEN-0.2-OIQNRK6SDKVF2,cable anti-rotation,posture=standing|implement=cable|attachment=none|grip_orientation=neutral|grip_width=standard|laterality=bilateral|pattern=anti-rotation|angle=flat|contraction=dynamic|range=full,standing,cable,anti-rotation,bilateral,flat,isolation,obliques
free-exercise-db,Palms-Down_Dumbbell_Wrist_Curl_Over_A_Bench,Palms-Down Dumbbell Wrist Curl Over A Bench,OMEN-0.2-65DLD32QUPYGI,dumbbell wrist-flexion,posture=seated|implement=dumbbell|attachment=none|grip_orientation=neutral|grip_width=standard|laterality=bilateral|pattern=wrist-flexion|angle=flat|contraction=dynamic|range=full,seated,dumbbell,wrist-flexion,bilateral,flat,isolation,forearm-flexors
free-exercise-db,Palms-Down_Wrist_Curl_Over_A_Bench,Palms-Down Wrist Curl Over A Bench,OMEN-0.2-ZG2JW3OSB4HGO,barbell wrist-flexion,posture=seated|implement=barbell|attachment=none|grip_orientation=neutral|grip_width=standard|laterality=bilateral|pattern=wrist-flexion|angle=flat|contraction=dynamic|range=full,seated,barbell,wrist-flexion,bilateral,flat,isolation,forearm-flexors
free-exercise-db,Palms-Up_Barbell_Wrist_Curl_Over_A_Bench,Palms-Up Barbell Wrist Curl Over A Bench,OMEN-0.2-ZG2JW3OSB4HGO,barbell wrist-flexion,posture=seated|implement=barbell|attachment=none|grip_orientation=neutral|grip_width=standard|laterality=bilateral|pattern=wrist-flexion|angle=flat|contraction=dynamic|range=full,seated,barbell,wrist-flexion,bilateral,flat,isolation,forearm-flexors
free-exercise-db,Palms-Up_Dumbbell_Wrist_Curl_Over_A_Bench,Palms-Up Dumbbell Wrist Curl Over A Bench,OMEN-0.2-65DLD32QUPYGI,dumbbell wrist-flexion,posture=seated|implement=dumbbell|attachment=none|grip_orientation=neutral|grip_width=standard|laterality=bilateral|pattern=wrist-flexion|angle=flat|contraction=dynamic|range=full,seated,dumbbell,wrist-flexion,bilateral,flat,isolation,forearm-flexors
free-exercise-db,Physioball_Hip_Bridge,Physioball Hip Bridge,OMEN-0.2-NZNK4OR65OW2A,stability-ball hip-extension,posture=supine|implement=stability-ball|attachment=none|grip_orientation=neutral|grip_width=standard|laterality=bilateral|pattern=hip-extension|angle=flat|contraction=dynamic|range=full,supine,stability-ball,hip-extension,bilateral,flat,isolation,gluteus-maximus
free-exercise-db,Pin_Presses,Pin Presses,OMEN-0.2-INVIVEL6CHBCG,barbell elbow-extension,posture=standing|implement=barbell|attachment=none|grip_orientation=pronated|grip_width=standard|laterality=bilateral|pattern=elbow-extension|angle=flat|contraction=dynamic|range=full,standing,barbell,elbow-extension,bilateral,flat,isolation,triceps
free-exercise-db,Plank,Plank,OMEN-0.2-R77DG3ING3F7U,anti-extension isometric,posture=prone|implement=bodyweight|attachment=none|grip_orientation=neutral|grip_width=standard|laterality=bilateral|pattern=anti-extension|angle=flat|contraction=isometric|range=full,prone,bodyweight,anti-extension,bilateral,flat,isolation,rectus-abdominis
free-exercise-db,Plate_Pinch,Plate Pinch,OMEN-0.2-4MOHCXGPONO2G,plate wrist-flexion,posture=seated|implement=plate|attachment=none|grip_orientation=neutral|grip_width=standard|laterality=bilateral|pattern=wrist-flexion|angle=flat|contraction=dynamic|range=full,seated,plate,wrist-flexion,bilateral,flat,isolation,forearm-flexors
free-exercise-db,Plate_Twist,Plate Twist,OMEN-0.2-I4TUYQ4LWQVTE,plate rotation,posture=standing|implement=plate|attachment=none|grip_orientation=neutral|grip_width=standard|laterality=bilateral|pattern=rotation|angle=flat|contraction=dynamic|range=full,standing,plate,rotation,bilateral,flat,isolation,obliques
free-exercise-db,Plie_Dumbbell_Squat,Plie Dumbbell Squat,OMEN-0.2-AQZK42IGNTTFC,dumbbell squat,posture=standing|implement=dumbbell|attachment=none|grip_orientation=neutral|grip_width=standard|laterality=bilateral|pattern=squat|angle=flat|contraction=dynamic|range=full,standing,dumbbell,squat,bilateral,flat,compound,quadriceps;gluteus-maximus
free-exercise-db,Plyo_Kettlebell_Pushups,Plyo Kettlebell Pushups,OMEN-0.2-ACKOEN7SXF7G6,kettlebell horizontal-push,posture=supine|implement=kettlebell|attachment=none|grip_orientation=pronated|grip_width=standard|laterality=bilateral|pattern=horizontal-push|angle=flat|contraction=dynamic|range=full,supine,kettlebell,horizontal-push,bilateral,flat,compound,pectoralis-major;anterior-deltoid;triceps
free-exercise-db,Power_Partials,Power Partials,OMEN-0.2-CVPPADZUPORDK,dumbbell shoulder-abduction partial,posture=standing|implement=dumbbell|attachment=none|grip_orientation=neutral|grip_width=standard|laterality=bilateral|pattern=shoulder-abduction|angle=flat|contraction=dynamic|range=partial,standing,dumbbell,shoulder-abduction,bilateral,flat,isolation,lateral-deltoid
free-exercise-db,Preacher_Curl,Preacher Curl,OMEN-0.2-VS436TATXEDMG,barbell elbow-flexion,posture=standing|implement=barbell|attachment=none|grip_orientation=supinated|grip_width=standard|laterality=bilateral|pattern=elbow-flexion|angle=flat|contraction=dynamic|range=full,standing,barbell,elbow-flexion,bilateral,flat,isolation,biceps;brachialis
free-exercise-db,Preacher_Hammer_Dumbbell_Curl,Preacher Hammer Dumbbell Curl,OMEN-0.2-GOPHYBFNL22OK,dumbbell neutral elbow-flexion,posture=standing|implement=dumbbell|attachment=none|grip_orientation=neutral|grip_width=standard|laterality=bilateral|pattern=elbow-flexion|angle=flat|contraction=dynamic|range=full,standing,dumbbell,elbow-flexion,bilateral,flat,isolation,biceps;brachialis
free-exercise-db,Press_Sit-Up,Press Sit-Up,OMEN-0.2-ZNCYEPXL6KB3O,barbell spinal-flexion,posture=supine|implement=barbell|attachment=none|grip_orientation=neutral|grip_width=standard|laterality=bilateral|pattern=spinal-flexion|angle=flat|contraction=dynamic|range=full,supine,barbell,spinal-flexion,bilateral,flat,isolation,rectus-abdominis
free-exercise-db,Pull_Through,Pull Through,OMEN-0.2-B2HE32H6TC7FW,cable hip-extension,posture=supine|implement=cable|attachment=none|grip_orientation=neutral|grip_width=standard|laterality=bilateral|pattern=hip-extension|angle=flat|contraction=dynamic|range=full,supine,cable,hip-extension,bilateral,flat,isolation,gluteus-maximus
free-exercise-db,Pullups,Pullups,OMEN-0.2-L2SHL5OD62KEW,vertical-pull,posture=hanging|implement=bodyweight|attachment=none|grip_orientation=pronated|grip_width=standard|laterality=bilateral|pattern=vertical-pull|angle=flat|contraction=dynamic|range=full,hanging,bodyweight,vertical-pull,bilateral,flat,compound,latissimus-dorsi;teres-major
free-exercise-db,Push-Up_Wide,Push-Up Wide,OMEN-0.2-TDCHCYPBRSXK2,wide-grip horizontal-push,posture=supine|implement=bodyweight|attachment=none|grip_orientation=pronated|grip_width=wide|laterality=bilateral|pattern=horizontal-push|angle=flat|contraction=dynamic|range=full,supine,bodyweight,horizontal-push,bilateral,flat,compound,pectoralis-major;anterior-deltoid;triceps
free-exercise-db,Push-Ups_-_Close_Triceps_Position,Push-Ups - Close Triceps Position,OMEN-0.2-DNWFXWIDOD4SO,close-grip horizontal-push,posture=supine|implement=bodyweight|attachment=none|grip_orientation=pronated|grip_width=close|laterality=bilateral|pattern=horizontal-push|angle=flat|contraction=dynamic|range=full,supine,bodyweight,horizontal-push,bilateral,flat,compound,pectoralis-major;anterior-deltoid;triceps
free-exercise-db,Push-Ups_With_Feet_Elevated,Push-Ups With Feet Elevated,OMEN-0.2-5UHCIHSDPBV7S,horizontal-push,posture=supine|implement=bodyweight|attachment=none|grip_orientation=pronated|grip_width=standard|laterality=bilateral|pattern=horizontal-push|angle=flat|contraction=dynamic|range=full,supine,bodyweight,horizontal-push,bilateral,flat,compound,pectoralis-major;anterior-deltoid;triceps
free-exercise-db,Push-Ups_With_Feet_On_An_Exercise_Ball,Push-Ups With Feet On An Exercise Ball,OMEN-0.2-JDUKC6FXUQC72,stability-ball horizontal-push,posture=supine|implement=stability-ball|attachment=none|grip_orientation=pronated|grip_width=standard|laterality=bilateral|pattern=horizontal-push|angle=flat|contraction=dynamic|range=full,supine,stability-ball,horizontal-push,bilateral,flat,compound,pectoralis-major;anterior-deltoid;triceps
free-exercise-db,Push_Press,Push Press,OMEN-0.2-QGKZEQ6ZHHXGQ,barbell vertical-push,posture=standing|implement=barbell|attachment=none|grip_orientation=pronated|grip_width=standard|laterality=bilateral|pattern=vertical-push|angle=flat|contraction=dynamic|range=full,standing,barbell,vertical-push,bilateral,flat,compound,anterior-deltoid;triceps;upper-pectoralis
free-exercise-db,Push_Press_-_Behind_the_Neck,Push Press - Behind the Neck,OMEN-0.2-UZPKJRIPUZZH4,barbell cervical-flexion,posture=standing|implement=barbell|attachment=none|grip_orientation=neutral|grip_width=standard|laterality=bilateral|pattern=cervical-flexion|angle=flat|contraction=dynamic|range=full,standing,barbell,cervical-flexion,bilateral,flat,isolation,sternocleidomastoid
free-exercise-db,Push_Up_to_Side_Plank,Push Up to Side Plank,OMEN-0.2-X4KC64DEVUNWU,anti-lateral-flexion isometric,posture=side-lying|implement=bodyweight|attachment=none|grip_orientation=neutral|grip_width=standard|laterality=bilateral|pattern=anti-lateral-flexion|angle=flat|contraction=isometric|range=full,side-lying,bodyweight,anti-lateral-flexion,bilateral,flat,isolation,obliques
free-exercise-db,Pushups,Pushups,OMEN-0.2-5UHCIHSDPBV7S,horizontal-push,posture=supine|implement=bodyweight|attachment=none|grip_orientation=pronated|grip_width=standard|laterality=bilateral|pattern=horizontal-push|angle=flat|contraction=dynamic|range=full,supine,bodyweight,horizontal-push,bilateral,flat,compound,pectoralis-major;anterior-deltoid;triceps
free-exercise-db,Pushups_Close_and_Wide_Hand_Positions,Pushups (Close and Wide Hand Positions),OMEN-0.2-TDCHCYPBRSXK2,wide-grip horizontal-push,posture=supine|implement=bodyweight|attachment=none|grip_orientation=pronated|grip_width=wide|laterality=bilateral|pattern=horizontal-push|angle=flat|contraction=dynamic|range=full,supine,bodyweight,horizontal-push,bilateral,flat,compound,pectoralis-major;anterior-deltoid;triceps
free-exercise-db,Rack_Delivery,Rack Delivery,OMEN-0.2-QGKZEQ6ZHHXGQ,barbell vertical-push,posture=standing|implement=barbell|attachment=none|grip_orientation=pronated|grip_width=standard|laterality=bilateral|pattern=vertical-push|angle=flat|contraction=dynamic|range=full,standing,barbell,vertical-push,bilateral,flat,compound,anterior-deltoid;triceps;upper-pectoralis
free-exercise-db,Rack_Pull_with_Bands,Rack Pull with Bands,OMEN-0.2-K5R5GCRCMTPDE,barbell hip-hinge,posture=standing|implement=barbell|attachment=none|grip_orientation=neutral|grip_width=standard|laterality=bilateral|pattern=hip-hinge|angle=flat|contraction=dynamic|range=full,standing,barbell,hip-hinge,bilateral,flat,compound,gluteus-maximus;hamstrings;erector-spinae
free-exercise-db,Rack_Pulls,Rack Pulls,OMEN-0.2-K5R5GCRCMTPDE,barbell hip-hinge,posture=standing|implement=barbell|attachment=none|grip_orientation=neutral|grip_width=standard|laterality=bilateral|pattern=hip-hinge|angle=flat|contraction=dynamic|range=full,standing,barbell,hip-hinge,bilateral,flat,compound,gluteus-maximus;hamstrings;erector-spinae
free-exercise-db,Reverse_Band_Bench_Press,Reverse Band Bench Press,OMEN-0.2-VRQRJHQSX5NX6,barbell horizontal-push,posture=supine|implement=barbell|attachment=none|grip_orientation=pronated|grip_width=standard|laterality=bilateral|pattern=horizontal-push|angle=flat|contraction=dynamic|range=full,supine,barbell,horizontal-push,bilateral,flat,compound,pectoralis-major;anterior-deltoid;triceps
free-exercise-db,Reverse_Band_Box_Squat,Reverse Band Box Squat,OMEN-0.2-HWYDOFIMW3MXQ,barbell squat,posture=standing|implement=barbell|attachment=none|grip_orientation=neutral|grip_width=standard|laterality=bilateral|pattern=squat|angle=flat|contraction=dynamic|range=full,standing,barbell,squat,bilateral,flat,compound,quadriceps;gluteus-maximus
free-exercise-db,Reverse_Band_Deadlift,Reverse Band Deadlift,OMEN-0.2-K5R5GCRCMTPDE,barbell hip-hinge,posture=standing|implement=barbell|attachment=none|grip_orientation=neutral|grip_width=standard|laterality=bilateral|pattern=hip-hinge|angle=flat|contraction=dynamic|range=full,standing,barbell,hip-hinge,bilateral,flat,compound,gluteus-maximus;hamstrings;erector-spinae
free-exercise-db,Reverse_Band_Power_Squat,Reverse Band Power Squat,OMEN-0.2-HWYDOFIMW3MXQ,barbell squat,posture=standing|implement=barbell|attachment=none|grip_orientation=neutral|grip_width=standard|laterality=bilateral|pattern=squat|angle=flat|contraction=dynamic|range=full,standing,barbell,squat,bilateral,flat,compound,quadriceps;gluteus-maximus
free-exercise-db,Reverse_Band_Sumo_Deadlift,Reverse Band Sumo Deadlift,OMEN-0.2-K5R5GCRCMTPDE,barbell hip-hinge,posture=standing|implement=barbell|attachment=none|grip_orientation=neutral|grip_width=standard|laterality=bilateral|pattern=hip-hinge|angle=flat|contraction=dynamic|range=full,standing,barbell,hip-hinge,bilateral,flat,compound,gluteus-maximus;hamstrings;erector-spinae
free-exercise-db,Reverse_Barbell_Curl,Reverse Barbell Curl,OMEN-0.2-VS436TATXEDMG,barbell elbow-flexion,posture=standing|implement=barbell|attachment=none|grip_orientation=supinated|grip_width=standard|laterality=bilateral|pattern=elbow-flexion|angle=flat|contraction=dynamic|range=full,standing,barbell,elbow-flexion,bilateral,flat,isolation,biceps;brachialis
free-exercise-db,Reverse_Barbell_Preacher_Curls,Reverse Barbell Preacher Curls,OMEN-0.2-7MRH57YFCMYL4,ez-bar elbow-flexion,posture=standing|implement=ez-bar|attachment=none|grip_orientation=supinated|grip_width=standard|laterality=bilateral|pattern=elbow-flexion|angle=flat|contraction=dynamic|range=full,standing,ez-bar,elbow-flexion,bilateral,flat,isolation,biceps;brachialis
free-exercise-db,Reverse_Cable_Curl,Reverse Cable Curl,OMEN-0.2-EBZSPGSXRM5AU,cable elbow-flexion,posture=standing|implement=cable|attachment=none|grip_orientation=supinated|grip_width=standard|laterality=bilateral|pattern=elbow-flexion|angle=flat|contraction=dynamic|range=full,standing,cable,elbow-flexion,bilateral,flat,isolation,biceps;brachialis
free-exercise-db,Reverse_Crunch,Reverse Crunch,OMEN-0.2-NEBO6LLZQU252,spinal-flexion,posture=supine|implement=bodyweight|attachment=none|grip_orientation=neutral|grip_width=standard|laterality=bilateral|pattern=spinal-flexion|angle=flat|contraction=dynamic|range=full,supine,bodyweight,spinal-flexion,bilateral,flat,isolation,rectus-abdominis
free-exercise-db,Reverse_Flyes,Reverse Flyes,OMEN-0.2-FLIFVZAHTGNZC,dumbbell shoulder-horizontal-abduction,posture=bent-over|implement=dumbbell|attachment=none|grip_orientation=neutral|grip_width=standard|laterality=bilateral|pattern=shoulder-horizontal-abduction|angle=flat|contraction=dynamic|range=full,bent-over,dumbbell,shoulder-horizontal-abduction,bilateral,flat,isolation,posterior-deltoid
free-exercise-db,Reverse_Flyes_With_External_Rotation,Reverse Flyes With External Rotation,OMEN-0.2-QLFXUNJV7MP5E,dumbbell shoulder-external-rotation,posture=standing|implement=dumbbell|attachment=none|grip_orientation=neutral|grip_width=standard|laterality=bilateral|pattern=shoulder-external-rotation|angle=flat|contraction=dynamic|range=full,standing,dumbbell,shoulder-external-rotation,bilateral,flat,isolation,infraspinatus;teres-minor
free-exercise-db,Reverse_Grip_Bent-Over_Rows,Reverse Grip Bent-Over Rows,OMEN-0.2-BA6JRO2HGPO2S,barbell supinated horizontal-pull,posture=bent-over|implement=barbell|attachment=none|grip_orientation=supinated|grip_width=standard|laterality=bilateral|pattern=horizontal-pull|angle=flat|contraction=dynamic|range=full,bent-over,barbell,horizontal-pull,bilateral,flat,compound,latissimus-dorsi;rhomboids;mid-trapezius;posterior-deltoid
free-exercise-db,Reverse_Grip_Triceps_Pushdown,Reverse Grip Triceps Pushdown,OMEN-0.2-S3LWIVNHFJVDG,cable supinated elbow-extension,posture=standing|implement=cable|attachment=none|grip_orientation=supinated|grip_width=standard|laterality=bilateral|pattern=elbow-extension|angle=flat|contraction=dynamic|range=full,standing,cable,elbow-extension,bilateral,flat,isolation,triceps
free-exercise-db,Reverse_Hyperextension,Reverse Hyperextension,OMEN-0.2-7PNHPBKKA77LI,machine spinal-extension,posture=standing|implement=machine|attachment=none|grip_orientation=neutral|grip_width=standard|laterality=bilateral|pattern=spinal-extension|angle=flat|contraction=dynamic|range=full,standing,machine,spinal-extension,bilateral,flat,isolation,erector-spinae
free-exercise-db,Reverse_Machine_Flyes,Reverse Machine Flyes,OMEN-0.2-JM5DSHWRITYRM,machine shoulder-horizontal-adduction,posture=standing|implement=machine|attachment=none|grip_orientation=neutral|grip_width=standard|laterality=bilateral|pattern=shoulder-horizontal-adduction|angle=flat|contraction=dynamic|range=full,standing,machine,shoulder-horizontal-adduction,bilateral,flat,isolation,pectoralis-major
free-exercise-db,Reverse_Plate_Curls,Reverse Plate Curls,OMEN-0.2-JGVMN4RCTRIVO,plate elbow-flexion,posture=standing|implement=plate|attachment=none|grip_orientation=supinated|grip_width=standard|laterality=bilateral|pattern=elbow-flexion|angle=flat|contraction=dynamic|range=full,standing,plate,elbow-flexion,bilateral,flat,isolation,biceps;brachialis
free-exercise-db,Reverse_Triceps_Bench_Press,Reverse Triceps Bench Press,OMEN-0.2-VRQRJHQSX5NX6,barbell horizontal-push,posture=supine|implement=barbell|attachment=none|grip_orientation=pronated|grip_width=standard|laterality=bilateral|pattern=horizontal-push|angle=flat|contraction=dynamic|range=full,supine,barbell,horizontal-push,bilateral,flat,compound,pectoralis-major;anterior-deltoid;triceps
free-exercise-db,Rocking_Standing_Calf_Raise,Rocking Standing Calf Raise,OMEN-0.2-SKQV5ZAO5Y6WM,barbell plantarflexion,posture=standing|implement=barbell|attachment=none|grip_orientation=neutral|grip_width=standard|laterality=bilateral|pattern=plantarflexion|angle=flat|contraction=dynamic|range=full,standing,barbell,plantarflexion,bilateral,flat,isolation,gastrocnemius;soleus
free-exercise-db,Romanian_Deadlift,Romanian Deadlift,OMEN-0.2-K5R5GCRCMTPDE,barbell hip-hinge,posture=standing|implement=barbell|attachment=none|grip_orientation=neutral|grip_width=standard|laterality=bilateral|pattern=hip-hinge|angle=flat|contraction=dynamic|range=full,standing,barbell,hip-hinge,bilateral,flat,compound,gluteus-maximus;hamstrings;erector-spinae
free-exercise-db,Romanian_Deadlift_from_Deficit,Romanian Deadlift from Deficit,OMEN-0.2-MFAICDJOZLTGS,barbell hip-hinge deficit,posture=standing|implement=barbell|attachment=none|grip_orientation=neutral|grip_width=standard|laterality=bilateral|pattern=hip-hinge|angle=flat|contraction=dynamic|range=deficit,standing,barbell,hip-hinge,bilateral,flat,compound,gluteus-maximus;hamstrings;erector-spinae
free-exercise-db,Rope_Climb,Rope Climb,OMEN-0.2-5TF6TQSDXIWT4,climbing-rope vertical-pull,posture=hanging|implement=climbing-rope|attachment=none|grip_orientation=pronated|grip_width=standard|laterality=bilateral|pattern=vertical-pull|angle=flat|contraction=dynamic|range=full,hanging,climbing-rope,vertical-pull,bilateral,flat,compound,latissimus-dorsi;teres-major
free-exercise-db,Rope_Crunch,Rope Crunch,OMEN-0.2-43PBMQ7MAKQB2,rope cable spinal-flexion,posture=supine|implement=cable|attachment=rope|grip_orientation=neutral|grip_width=standard|laterality=bilateral|pattern=spinal-flexion|angle=flat|contraction=dynamic|range=full,supine,cable,spinal-flexion,bilateral,flat,isolation,rectus-abdominis
free-exercise-db,Rope_Straight-Arm_Pulldown,Rope Straight-Arm Pulldown,OMEN-0.2-DWZN7UHPNW5X4,rope cable vertical-pull,posture=hanging|implement=cable|attachment=rope|grip_orientation=pronated|grip_width=standard|laterality=bilateral|pattern=vertical-pull|angle=flat|contraction=dynamic|range=full,hanging,cable,vertical-pull,bilateral,flat,compound,latissimus-dorsi;teres-major
free-exercise-db,Russian_Twist,Russian Twist,OMEN-0.2-33TZ5ZAQZFOQU,rotation,posture=standing|implement=bodyweight|attachment=none|grip_orientation=neutral|grip_width=standard|laterality=bilateral|pattern=rotation|angle=flat|contraction=dynamic|range=full,standing,bodyweight,rotation,bilateral,flat,isolation,obliques
free-exercise-db,Sandbag_Load,Sandbag Load,OMEN-0.2-SARTVS2IUEH5C,sandbag squat,posture=standing|implement=sandbag|attachment=none|grip_orientation=neutral|grip_width=standard|laterality=bilateral|pattern=squat|angle=flat|contraction=dynamic|range=full,standing,sandbag,squat,bilateral,flat,compound,quadriceps;gluteus-maximus
free-exercise-db,Seated_Band_Hamstring_Curl,Seated Band Hamstring Curl,OMEN-0.2-RB5S4F3IOIZ42,band knee-flexion,posture=seated|implement=band|attachment=none|grip_orientation=neutral|grip_width=standard|laterality=bilateral|pattern=knee-flexion|angle=flat|contraction=dynamic|range=full,seated,band,knee-flexion,bilateral,flat,isolation,hamstrings
free-exercise-db,Seated_Barbell_Military_Press,Seated Barbell Military Press,OMEN-0.2-U272O2G6P6OT6,seated barbell vertical-push,posture=seated|implement=barbell|attachment=none|grip_orientation=pronated|grip_width=standard|laterality=bilateral|pattern=vertical-push|angle=flat|contraction=dynamic|range=full,seated,barbell,vertical-push,bilateral,flat,compound,anterior-deltoid;triceps;upper-pectoralis
free-exercise-db,Seated_Barbell_Twist,Seated Barbell Twist,OMEN-0.2-A7G6WTBFMXE6W,barbell rotation,posture=seated|implement=barbell|attachment=none|grip_orientation=neutral|grip_width=standard|laterality=bilateral|pattern=rotation|angle=flat|contraction=dynamic|range=full,seated,barbell,rotation,bilateral,flat,isolation,obliques
free-exercise-db,Seated_Bent-Over_One-Arm_Dumbbell_Triceps_Extension,Seated Bent-Over One-Arm Dumbbell Triceps Extension,OMEN-0.2-TYYTS7XFSH6LW,dumbbell unilateral elbow-extension,posture=seated|implement=dumbbell|attachment=none|grip_orientation=pronated|grip_width=standard|laterality=unilateral|pattern=elbow-extension|angle=flat|contraction=dynamic|range=full,seated,dumbbell,elbow-extension,unilateral,flat,isolation,triceps
free-exercise-db,Seated_Bent-Over_Rear_Delt_Raise,Seated Bent-Over Rear Delt Raise,OMEN-0.2-LLEFGM6BIQET4,dumbbell shoulder-horizontal-abduction,posture=seated|implement=dumbbell|attachment=none|grip_orientation=neutral|grip_width=standard|laterality=bilateral|pattern=shoulder-horizontal-abduction|angle=flat|contraction=dynamic|range=full,seated,dumbbell,shoulder-horizontal-abduction,bilateral,flat,isolation,posterior-deltoid
free-exercise-db,Seated_Bent-Over_Two-Arm_Dumbbell_Triceps_Extension,Seated Bent-Over Two-Arm Dumbbell Triceps Extension,OMEN-0.2-RXG233A2OPE6E,dumbbell elbow-extension,posture=seated|implement=dumbbell|attachment=none|grip_orientation=pronated|grip_width=standard|laterality=bilateral|pattern=elbow-extension|angle=flat|contraction=dynamic|range=full,seated,dumbbell,elbow-extension,bilateral,flat,isolation,triceps
free-exercise-db,Seated_Cable_Rows,Seated Cable Rows,OMEN-0.2-QII4F754XGW5K,cable horizontal-pull,posture=seated|implement=cable|attachment=none|grip_orientation=pronated|grip_width=standard|laterality=bilateral|pattern=horizontal-pull|angle=flat|contraction=dynamic|range=full,seated,cable,horizontal-pull,bilateral,flat,compound,latissimus-dorsi;rhomboids;mid-trapezius;posterior-deltoid
free-exercise-db,Seated_Cable_Shoulder_Press,Seated Cable Shoulder Press,OMEN-0.2-R6UUVIBIPO5LA,seated cable vertical-push,posture=seated|implement=cable|attachment=none|grip_orientation=pronated|grip_width=standard|laterality=bilateral|pattern=vertical-push|angle=flat|contraction=dynamic|range=full,seated,cable,vertical-push,bilateral,flat,compound,anterior-deltoid;triceps;upper-pectoralis
free-exercise-db,Seated_Calf_Raise,Seated Calf Raise,OMEN-0.2-TUOI44PAXPMLK,seated machine plantarflexion,posture=seated|implement=machine|attachment=none|grip_orientation=neutral|grip_width=standard|laterality=bilateral|pattern=plantarflexion|angle=flat|contraction=dynamic|range=full,seated,machine,plantarflexion,bilateral,flat,isolation,gastrocnemius;soleus
free-exercise-db,Seated_Close-Grip_Concentration_Barbell_Curl,Seated Close-Grip Concentration Barbell Curl,OMEN-0.2-NZFK2QENM67GU,barbell close-grip elbow-flexion,posture=seated|implement=barbell|attachment=none|grip_orientation=supinated|grip_width=close|laterality=bilateral|pattern=elbow-flexion|angle=flat|contraction=dynamic|range=full,seated,barbell,elbow-flexion,bilateral,flat,isolation,biceps;brachialis
free-exercise-db,Seated_Dumbbell_Curl,Seated Dumbbell Curl,OMEN-0.2-ZSJGDFRSATAA6,dumbbell elbow-flexion,posture=seated|implement=dumbbell|attachment=none|grip_orientation=supinated|grip_width=standard|laterality=bilateral|pattern=elbow-flexion|angle=flat|contraction=dynamic|range=full,seated,dumbbell,elbow-flexion,bilateral,flat,isolation,biceps;brachialis
free-exercise-db,Seated_Dumbbell_Inner_Biceps_Curl,Seated Dumbbell Inner Biceps Curl,OMEN-0.2-ZSJGDFRSATAA6,dumbbell elbow-flexion,posture=seated|implement=dumbbell|attachment=none|grip_orientation=supinated|grip_width=standard|laterality=bilateral|pattern=elbow-flexion|angle=flat|contraction=dynamic|range=full,seated,dumbbell,elbow-flexion,bilateral,flat,isolation,biceps;brachialis
free-exercise-db,Seated_Dumbbell_Palms-Down_Wrist_Curl,Seated Dumbbell Palms-Down Wrist Curl,OMEN-0.2-65DLD32QUPYGI,dumbbell wrist-flexion,posture=seated|implement=dumbbell|attachment=none|grip_orientation=neutral|grip_width=standard|laterality=bilateral|pattern=wrist-flexion|angle=flat|contraction=dynamic|range=full,seated,dumbbell,wrist-flexion,bilateral,flat,isolation,forearm-flexors
free-exercise-db,Seated_Dumbbell_Palms-Up_Wrist_Curl,Seated Dumbbell Palms-Up Wrist Curl,OMEN-0.2-65DLD32QUPYGI,dumbbell wrist-flexion,posture=seated|implement=dumbbell|attachment=none|grip_orientation=neutral|grip_width=standard|laterality=bilateral|pattern=wrist-flexion|angle=flat|contraction=dynamic|range=full,seated,dumbbell,wrist-flexion,bilateral,flat,isolation,forearm-flexors
free-exercise-db,Seated_Dumbbell_Press,Seated Dumbbell Press,OMEN-0.2-DPGBXH3IWKAS2,seated dumbbell vertical-push,posture=seated|implement=dumbbell|attachment=none|grip_orientation=pronated|grip_width=standard|laterality=bilateral|pattern=vertical-push|angle=flat|contraction=dynamic|range=full,seated,dumbbell,vertical-push,bilateral,flat,compound,anterior-deltoid;triceps;upper-pectoralis
free-exercise-db,Seated_Flat_Bench_Leg_Pull-In,Seated Flat Bench Leg Pull-In,OMEN-0.2-EDFIF6FZ56RJU,spinal-flexion,posture=seated|implement=bodyweight|attachment=none|grip_orientation=neutral|grip_width=standard|laterality=bilateral|pattern=spinal-flexion|angle=flat|contraction=dynamic|range=full,seated,bodyweight,spinal-flexion,bilateral,flat,isolation,rectus-abdominis
free-exercise-db,Seated_Good_Mornings,Seated Good Mornings,OMEN-0.2-YHOSP2GN7WWAU,seated barbell hip-hinge,posture=seated|implement=barbell|attachment=none|grip_orientation=neutral|grip_width=standard|laterality=bilateral|pattern=hip-hinge|angle=flat|contraction=dynamic|range=full,seated,barbell,hip-hinge,bilateral,flat,compound,gluteus-maximus;hamstrings;erector-spinae
free-exercise-db,Seated_Leg_Curl,Seated Leg Curl,OMEN-0.2-MQBFYM7YCGC44,machine knee-flexion,posture=seated|implement=machine|attachment=none|grip_orientation=neutral|grip_width=standard|laterality=bilateral|pattern=knee-flexion|angle=flat|contraction=dynamic|range=full,seated,machine,knee-flexion,bilateral,flat,isolation,hamstrings
free-exercise-db,Seated_Leg_Tucks,Seated Leg Tucks,OMEN-0.2-EDFIF6FZ56RJU,spinal-flexion,posture=seated|implement=bodyweight|attachment=none|grip_orientation=neutral|grip_width=standard|laterality=bilateral|pattern=spinal-flexion|angle=flat|contraction=dynamic|range=full,seated,bodyweight,spinal-flexion,bilateral,flat,isolation,rectus-abdominis
free-exercise-db,Seated_One-Arm_Dumbbell_Palms-Down_Wrist_Curl,Seated One-Arm Dumbbell Palms-Down Wrist Curl,OMEN-0.2-Z6ECRCCC3N3MO,dumbbell unilateral wrist-flexion,posture=seated|implement=dumbbell|attachment=none|grip_orientation=neutral|grip_width=standard|laterality=unilateral|pattern=wrist-flexion|angle=flat|contraction=dynamic|range=full,seated,dumbbell,wrist-flexion,unilateral,flat,isolation,forearm-flexors
free-exercise-db,Seated_One-Arm_Dumbbell_Palms-Up_Wrist_Curl,Seated One-Arm Dumbbell Palms-Up Wrist Curl,OMEN-0.2-Z6ECRCCC3N3MO,dumbbell unilateral wrist-flexion,posture=seated|implement=dumbbell|attachment=none|grip_orientation=neutral|grip_width=standard|laterality=unilateral|pattern=wrist-flexion|angle=flat|contraction=dynamic|range=full,seated,dumbbell,wrist-flexion,unilateral,flat,isolation,forearm-flexors
free-exercise-db,Seated_One-arm_Cable_Pulley_Rows,Seated One-arm Cable Pulley Rows,OMEN-0.2-F3KBHKNO3IXSI,cable unilateral horizontal-pull,posture=seated|implement=cable|attachment=none|grip_orientation=pronated|grip_width=standard|laterality=unilateral|pattern=horizontal-pull|angle=flat|contraction=dynamic|range=full,seated,cable,horizontal-pull,unilateral,flat,compound,latissimus-dorsi;rhomboids;mid-trapezius;posterior-deltoid
free-exercise-db,Seated_Palm-Up_Barbell_Wrist_Curl,Seated Palm-Up Barbell Wrist Curl,OMEN-0.2-ZG2JW3OSB4HGO,barbell wrist-flexion,posture=seated|implement=barbell|attachment=none|grip_orientation=neutral|grip_width=standard|laterality=bilateral|pattern=wrist-flexion|angle=flat|contraction=dynamic|range=full,seated,barbell,wrist-flexion,bilateral,flat,isolation,forearm-flexors
free-exercise-db,Seated_Palms-Down_Barbell_Wrist_Curl,Seated Palms-Down Barbell Wrist Curl,OMEN-0.2-ZG2JW3OSB4HGO,barbell wrist-flexion,posture=seated|implement=barbell|attachment=none|grip_orientation=neutral|grip_width=standard|laterality=bilateral|pattern=wrist-flexion|angle=flat|contraction=dynamic|range=full,seated,barbell,wrist-flexion,bilateral,flat,isolation,forearm-flexors
free-exercise-db,Seated_Side_Lateral_Raise,Seated Side Lateral Raise,OMEN-0.2-MUG7RAYKBV3V2,dumbbell shoulder-abduction,posture=seated|implement=dumbbell|attachment=none|grip_orientation=neutral|grip_width=standard|laterality=bilateral|pattern=shoulder-abduction|angle=flat|contraction=dynamic|range=full,seated,dumbbell,shoulder-abduction,bilateral,flat,isolation,lateral-deltoid
free-exercise-db,Seated_Triceps_Press,Seated Triceps Press,OMEN-0.2-DPGBXH3IWKAS2,seated dumbbell vertical-push,posture=seated|implement=dumbbell|attachment=none|grip_orientation=pronated|grip_width=standard|laterality=bilateral|pattern=vertical-push|angle=flat|contraction=dynamic|range=full,seated,dumbbell,vertical-push,bilateral,flat,compound,anterior-deltoid;triceps;upper-pectoralis
free-exercise-db,Seated_Two-Arm_Palms-Up_Low-Pulley_Wrist_Curl,Seated Two-Arm Palms-Up Low-Pulley Wrist Curl,OMEN-0.2-HCDVRF3LRN5CE,cable wrist-flexion,posture=seated|implement=cable|attachment=none|grip_orientation=neutral|grip_width=standard|laterality=bilateral|pattern=wrist-flexion|angle=flat|contraction=dynamic|range=full,seated,cable,wrist-flexion,bilateral,flat,isolation,forearm-flexors
free-exercise-db,See-Saw_Press_Alternating_Side_Press,See-Saw Press (Alternating Side Press),OMEN-0.2-RJ6KHYULN5TSK,dumbbell alternating vertical-push,posture=standing|implement=dumbbell|attachment=none|grip_orientation=pronated|grip_width=standard|laterality=alternating|pattern=vertical-push|angle=flat|contraction=dynamic|range=full,standing,dumbbell,vertical-push,alternating,flat,compound,anterior-deltoid;triceps;upper-pectoralis
free-exercise-db,Shotgun_Row,Shotgun Row,OMEN-0.2-NEZGXUCYRN7Z4,cable horizontal-pull,posture=bent-over|implement=cable|attachment=none|grip_orientation=pronated|grip_width=standard|laterality=bilateral|pattern=horizontal-pull|angle=flat|contraction=dynamic|range=full,bent-over,cable,horizontal-pull,bilateral,flat,compound,latissimus-dorsi;rhomboids;mid-trapezius;posterior-deltoid
free-exercise-db,Shoulder_Press_-_With_Bands,Shoulder Press - With Bands,OMEN-0.2-53ZSHWSJDETNS,band vertical-push,posture=standing|implement=band|attachment=none|grip_orientation=pronated|grip_width=standard|laterality=bilateral|pattern=vertical-push|angle=flat|contraction=dynamic|range=full,standing,band,vertical-push,bilateral,flat,compound,anterior-deltoid;triceps;upper-pectoralis
free-exercise-db,Side_Bridge,Side Bridge,OMEN-0.2-NEBO6LLZQU252,spinal-flexion,posture=supine|implement=bodyweight|attachment=none|grip_orientation=neutral|grip_width=standard|laterality=bilateral|pattern=spinal-flexion|angle=flat|contraction=dynamic|range=full,supine,bodyweight,spinal-flexion,bilateral,flat,isolation,rectus-abdominis
free-exercise-db,Side_Jackknife,Side Jackknife,OMEN-0.2-NEBO6LLZQU252,spinal-flexion,posture=supine|implement=bodyweight|attachment=none|grip_orientation=neutral|grip_width=standard|laterality=bilateral|pattern=spinal-flexion|angle=flat|contraction=dynamic|range=full,supine,bodyweight,spinal-flexion,bilateral,flat,isolation,rectus-abdominis
free-exercise-db,Side_Lateral_Raise,Side Lateral Raise,OMEN-0.2-AQWQCZJ3LKYB2,dumbbell shoulder-abduction,posture=standing|implement=dumbbell|attachment=none|grip_orientation=neutral|grip_width=standard|laterality=bilateral|pattern=shoulder-abduction|angle=flat|contraction=dynamic|range=full,standing,dumbbell,shoulder-abduction,bilateral,flat,isolation,lateral-deltoid
free-exercise-db,Side_Laterals_to_Front_Raise,Side Laterals to Front Raise,OMEN-0.2-AQWQCZJ3LKYB2,dumbbell shoulder-abduction,posture=standing|implement=dumbbell|attachment=none|grip_orientation=neutral|grip_width=standard|laterality=bilateral|pattern=shoulder-abduction|angle=flat|contraction=dynamic|range=full,standing,dumbbell,shoulder-abduction,bilateral,flat,isolation,lateral-deltoid
free-exercise-db,Single-Arm_Cable_Crossover,Single-Arm Cable Crossover,OMEN-0.2-JRCIIRBH6NUCQ,cable unilateral horizontal-push,posture=supine|implement=cable|attachment=none|grip_orientation=pronated|grip_width=standard|laterality=unilateral|pattern=horizontal-push|angle=flat|contraction=dynamic|range=full,supine,cable,horizontal-push,unilateral,flat,compound,pectoralis-major;anterior-deltoid;triceps
free-exercise-db,Single-Arm_Linear_Jammer,Single-Arm Linear Jammer,OMEN-0.2-AHW236FI2KTWG,barbell unilateral vertical-push,posture=standing|implement=barbell|attachment=none|grip_orientation=pronated|grip_width=standard|laterality=unilateral|pattern=vertical-push|angle=flat|contraction=dynamic|range=full,standing,barbell,vertical-push,unilateral,flat,compound,anterior-deltoid;triceps;upper-pectoralis
free-exercise-db,Single-Arm_Push-Up,Single-Arm Push-Up,OMEN-0.2-DI43S5TANWNQO,unilateral horizontal-push,posture=supine|implement=bodyweight|attachment=none|grip_orientation=pronated|grip_width=standard|laterality=unilateral|pattern=horizontal-push|angle=flat|contraction=dynamic|range=full,supine,bodyweight,horizontal-push,unilateral,flat,compound,pectoralis-major;anterior-deltoid;triceps
free-exercise-db,Single-Leg_Leg_Extension,Single-Leg Leg Extension,OMEN-0.2-2PKYXGZ6YCWZO,machine unilateral knee-extension,posture=seated|implement=machine|attachment=none|grip_orientation=neutral|grip_width=standard|laterality=unilateral|pattern=knee-extension|angle=flat|contraction=dynamic|range=full,seated,machine,knee-extension,unilateral,flat,isolation,quadriceps
free-exercise-db,Single_Dumbbell_Raise,Single Dumbbell Raise,OMEN-0.2-AQWQCZJ3LKYB2,dumbbell shoulder-abduction,posture=standing|implement=dumbbell|attachment=none|grip_orientation=neutral|grip_width=standard|laterality=bilateral|pattern=shoulder-abduction|angle=flat|contraction=dynamic|range=full,standing,dumbbell,shoulder-abduction,bilateral,flat,isolation,lateral-deltoid
free-exercise-db,Single_Leg_Glute_Bridge,Single Leg Glute Bridge,OMEN-0.2-W465DMCUMO2WG,hip-extension,posture=supine|implement=bodyweight|attachment=none|grip_orientation=neutral|grip_width=standard|laterality=bilateral|pattern=hip-extension|angle=flat|contraction=dynamic|range=full,supine,bodyweight,hip-extension,bilateral,flat,isolation,gluteus-maximus
free-exercise-db,Sit-Up,Sit-Up,OMEN-0.2-NEBO6LLZQU252,spinal-flexion,posture=supine|implement=bodyweight|attachment=none|grip_orientation=neutral|grip_width=standard|laterality=bilateral|pattern=spinal-flexion|angle=flat|contraction=dynamic|range=full,supine,bodyweight,spinal-flexion,bilateral,flat,isolation,rectus-abdominis
free-exercise-db,Sled_Drag_-_Harness,Sled Drag - Harness,OMEN-0.2-PUXI2XFYH6Y74,sled squat,posture=standing|implement=sled|attachment=none|grip_orientation=neutral|grip_width=standard|laterality=bilateral|pattern=squat|angle=flat|contraction=dynamic|range=full,standing,sled,squat,bilateral,flat,compound,quadriceps;gluteus-maximus
free-exercise-db,Sled_Overhead_Backward_Walk,Sled Overhead Backward Walk,OMEN-0.2-DRMKKJOOCUCEA,sled vertical-push,posture=standing|implement=sled|attachment=none|grip_orientation=pronated|grip_width=standard|laterality=bilateral|pattern=vertical-push|angle=flat|contraction=dynamic|range=full,standing,sled,vertical-push,bilateral,flat,compound,anterior-deltoid;triceps;upper-pectoralis
free-exercise-db,Sled_Overhead_Triceps_Extension,Sled Overhead Triceps Extension,OMEN-0.2-ROA5ITS6CNBEG,sled elbow-extension,posture=standing|implement=sled|attachment=none|grip_orientation=pronated|grip_width=standard|laterality=bilateral|pattern=elbow-extension|angle=flat|contraction=dynamic|range=full,standing,sled,elbow-extension,bilateral,flat,isolation,triceps
free-exercise-db,Sled_Push,Sled Push,OMEN-0.2-PUXI2XFYH6Y74,sled squat,posture=standing|implement=sled|attachment=none|grip_orientation=neutral|grip_width=standard|laterality=bilateral|pattern=squat|angle=flat|contraction=dynamic|range=full,standing,sled,squat,bilateral,flat,compound,quadriceps;gluteus-maximus
free-exercise-db,Sled_Reverse_Flye,Sled Reverse Flye,OMEN-0.2-UESPO2ZHO4DLG,sled shoulder-horizontal-abduction,posture=bent-over|implement=sled|attachment=none|grip_orientation=neutral|grip_width=standard|laterality=bilateral|pattern=shoulder-horizontal-abduction|angle=flat|contraction=dynamic|range=full,bent-over,sled,shoulder-horizontal-abduction,bilateral,flat,isolation,posterior-deltoid
free-exercise-db,Sled_Row,Sled Row,OMEN-0.2-6LRXHHC4V46Y6,sled horizontal-pull,posture=bent-over|implement=sled|attachment=none|grip_orientation=pronated|grip_width=standard|laterality=bilateral|pattern=horizontal-pull|angle=flat|contraction=dynamic|range=full,bent-over,sled,horizontal-pull,bilateral,flat,compound,latissimus-dorsi;rhomboids;mid-trapezius;posterior-deltoid
free-exercise-db,Smith_Incline_Shoulder_Raise,Smith Incline Shoulder Raise,OMEN-0.2-6HNAGX7SQJH5K,incline barbell shoulder-abduction,posture=standing|implement=barbell|attachment=none|grip_orientation=neutral|grip_width=standard|laterality=bilateral|pattern=shoulder-abduction|angle=incline|contraction=dynamic|range=full,standing,barbell,shoulder-abduction,bilateral,incline,isolation,lateral-deltoid
free-exercise-db,Smith_Machine_Behind_the_Back_Shrug,Smith Machine Behind the Back Shrug,OMEN-0.2-GCEW2DJVWK2CW,machine scapular-elevation,posture=standing|implement=machine|attachment=none|grip_orientation=neutral|grip_width=standard|laterality=bilateral|pattern=scapular-elevation|angle=flat|contraction=dynamic|range=full,standing,machine,scapular-elevation,bilateral,flat,isolation,upper-trapezius
free-exercise-db,Smith_Machine_Bench_Press,Smith Machine Bench Press,OMEN-0.2-3UPZ3OXB2RIYC,machine horizontal-push,posture=supine|implement=machine|attachment=none|grip_orientation=pronated|grip_width=standard|laterality=bilateral|pattern=horizontal-push|angle=flat|contraction=dynamic|range=full,supine,machine,horizontal-push,bilateral,flat,compound,pectoralis-major;anterior-deltoid;triceps
free-exercise-db,Smith_Machine_Bent_Over_Row,Smith Machine Bent Over Row,OMEN-0.2-2VX3Y7CDWCCZW,machine horizontal-pull,posture=bent-over|implement=machine|attachment=none|grip_orientation=pronated|grip_width=standard|laterality=bilateral|pattern=horizontal-pull|angle=flat|contraction=dynamic|range=full,bent-over,machine,horizontal-pull,bilateral,flat,compound,latissimus-dorsi;rhomboids;mid-trapezius;posterior-deltoid
free-exercise-db,Smith_Machine_Calf_Raise,Smith Machine Calf Raise,OMEN-0.2-6KQ42XMSHPKTO,machine plantarflexion,posture=standing|implement=machine|attachment=none|grip_orientation=neutral|grip_width=standard|laterality=bilateral|pattern=plantarflexion|angle=flat|contraction=dynamic|range=full,standing,machine,plantarflexion,bilateral,flat,isolation,gastrocnemius;soleus
free-exercise-db,Smith_Machine_Close-Grip_Bench_Press,Smith Machine Close-Grip Bench Press,OMEN-0.2-7CXT22UJT5VEU,machine close-grip horizontal-push,posture=supine|implement=machine|attachment=none|grip_orientation=pronated|grip_width=close|laterality=bilateral|pattern=horizontal-push|angle=flat|contraction=dynamic|range=full,supine,machine,horizontal-push,bilateral,flat,compound,pectoralis-major;anterior-deltoid;triceps
free-exercise-db,Smith_Machine_Decline_Press,Smith Machine Decline Press,OMEN-0.2-57YCGQARUOAB2,decline machine vertical-push,posture=standing|implement=machine|attachment=none|grip_orientation=pronated|grip_width=standard|laterality=bilateral|pattern=vertical-push|angle=decline|contraction=dynamic|range=full,standing,machine,vertical-push,bilateral,decline,compound,anterior-deltoid;triceps;upper-pectoralis
free-exercise-db,Smith_Machine_Hip_Raise,Smith Machine Hip Raise,OMEN-0.2-7ZQ3G7IHRQZDO,machine spinal-flexion,posture=supine|implement=machine|attachment=none|grip_orientation=neutral|grip_width=standard|laterality=bilateral|pattern=spinal-flexion|angle=flat|contraction=dynamic|range=full,supine,machine,spinal-flexion,bilateral,flat,isolation,rectus-abdominis
free-exercise-db,Smith_Machine_Incline_Bench_Press,Smith Machine Incline Bench Press,OMEN-0.2-HM7XIKUTW3MQC,incline machine horizontal-push,posture=supine|implement=machine|attachment=none|grip_orientation=pronated|grip_width=standard|laterality=bilateral|pattern=horizontal-push|angle=incline|contraction=dynamic|range=full,supine,machine,horizontal-push,bilateral,incline,compound,pectoralis-major;anterior-deltoid;triceps
free-exercise-db,Smith_Machine_Leg_Press,Smith Machine Leg Press,OMEN-0.2-JR3MWAE5E5CWG,machine squat,posture=standing|implement=machine|attachment=none|grip_orientation=neutral|grip_width=standard|laterality=bilateral|pattern=squat|angle=flat|contraction=dynamic|range=full,standing,machine,squat,bilateral,flat,compound,quadriceps;gluteus-maximus
free-exercise-db,Smith_Machine_One-Arm_Upright_Row,Smith Machine One-Arm Upright Row,OMEN-0.2-PTXTMO36CTXGC,machine unilateral scapular-elevation,posture=standing|implement=machine|attachment=none|grip_orientation=neutral|grip_width=standard|laterality=unilateral|pattern=scapular-elevation|angle=flat|contraction=dynamic|range=full,standing,machine,scapular-elevation,unilateral,flat,isolation,upper-trapezius
free-exercise-db,Smith_Machine_Overhead_Shoulder_Press,Smith Machine Overhead Shoulder Press,OMEN-0.2-6ADFLWBYLTH2Y,machine vertical-push,posture=standing|implement=machine|attachment=none|grip_orientation=pronated|grip_width=standard|laterality=bilateral|pattern=vertical-push|angle=flat|contraction=dynamic|range=full,standing,machine,vertical-push,bilateral,flat,compound,anterior-deltoid;triceps;upper-pectoralis
free-exercise-db,Smith_Machine_Pistol_Squat,Smith Machine Pistol Squat,OMEN-0.2-JR3MWAE5E5CWG,machine squat,posture=standing|implement=machine|attachment=none|grip_orientation=neutral|grip_width=standard|laterality=bilateral|pattern=squat|angle=flat|contraction=dynamic|range=full,standing,machine,squat,bilateral,flat,compound,quadriceps;gluteus-maximus
free-exercise-db,Smith_Machine_Reverse_Calf_Raises,Smith Machine Reverse Calf Raises,OMEN-0.2-6KQ42XMSHPKTO,machine plantarflexion,posture=standing|implement=machine|attachment=none|grip_orientation=neutral|grip_width=standard|laterality=bilateral|pattern=plantarflexion|angle=flat|contraction=dynamic|range=full,standing,machine,plantarflexion,bilateral,flat,isolation,gastrocnemius;soleus
free-exercise-db,Smith_Machine_Squat,Smith Machine Squat,OMEN-0.2-JR3MWAE5E5CWG,machine squat,posture=standing|implement=machine|attachment=none|grip_orientation=neutral|grip_width=standard|laterality=bilateral|pattern=squat|angle=flat|contraction=dynamic|range=full,standing,machine,squat,bilateral,flat,compound,quadriceps;gluteus-maximus
free-exercise-db,Smith_Machine_Stiff-Legged_Deadlift,Smith Machine Stiff-Legged Deadlift,OMEN-0.2-NLAWTVEAQ7DHK,machine hip-hinge,posture=standing|implement=machine|attachment=none|grip_orientation=neutral|grip_width=standard|laterality=bilateral|pattern=hip-hinge|angle=flat|contraction=dynamic|range=full,standing,machine,hip-hinge,bilateral,flat,compound,gluteus-maximus;hamstrings;erector-spinae
free-exercise-db,Smith_Machine_Upright_Row,Smith Machine Upright Row,OMEN-0.2-GCEW2DJVWK2CW,machine scapular-elevation,posture=standing|implement=machine|attachment=none|grip_orientation=neutral|grip_width=standard|laterality=bilateral|pattern=scapular-elevation|angle=flat|contraction=dynamic|range=full,standing,machine,scapular-elevation,bilateral,flat,isolation,upper-trapezius
free-exercise-db,Smith_Single-Leg_Split_Squat,Smith Single-Leg Split Squat,OMEN-0.2-GN5KJPWFSCVFU,machine unilateral lunge,posture=standing|implement=machine|attachment=none|grip_orientation=neutral|grip_width=standard|laterality=unilateral|pattern=lunge|angle=flat|contraction=dynamic|range=full,standing,machine,lunge,unilateral,flat,compound,quadriceps;gluteus-maximus
free-exercise-db,Speed_Band_Overhead_Triceps,Speed Band Overhead Triceps,OMEN-0.2-ECOKSVS3E6OQW,band elbow-extension,posture=standing|implement=band|attachment=none|grip_orientation=pronated|grip_width=standard|laterality=bilateral|pattern=elbow-extension|angle=flat|contraction=dynamic|range=full,standing,band,elbow-extension,bilateral,flat,isolation,triceps
free-exercise-db,Speed_Box_Squat,Speed Box Squat,OMEN-0.2-HWYDOFIMW3MXQ,barbell squat,posture=standing|implement=barbell|attachment=none|grip_orientation=neutral|grip_width=standard|laterality=bilateral|pattern=squat|angle=flat|contraction=dynamic|range=full,standing,barbell,squat,bilateral,flat,compound,quadriceps;gluteus-maximus
free-exercise-db,Speed_Squats,Speed Squats,OMEN-0.2-HWYDOFIMW3MXQ,barbell squat,posture=standing|implement=barbell|attachment=none|grip_orientation=neutral|grip_width=standard|laterality=bilateral|pattern=squat|angle=flat|contraction=dynamic|range=full,standing,barbell,squat,bilateral,flat,compound,quadriceps;gluteus-maximus
free-exercise-db,Spell_Caster,Spell Caster,OMEN-0.2-UFOYG5K4NGVOG,dumbbell spinal-flexion,posture=supine|implement=dumbbell|attachment=none|grip_orientation=neutral|grip_width=standard|laterality=bilateral|pattern=spinal-flexion|angle=flat|contraction=dynamic|range=full,supine,dumbbell,spinal-flexion,bilateral,flat,isolation,rectus-abdominis
free-exercise-db,Spider_Crawl,Spider Crawl,OMEN-0.2-NEBO6LLZQU252,spinal-flexion,posture=supine|implement=bodyweight|attachment=none|grip_orientation=neutral|grip_width=standard|laterality=bilateral|pattern=spinal-flexion|angle=flat|contraction=dynamic|range=full,supine,bodyweight,spinal-flexion,bilateral,flat,isolation,rectus-abdominis
free-exercise-db,Spider_Curl,Spider Curl,OMEN-0.2-7MRH57YFCMYL4,ez-bar elbow-flexion,posture=standing|implement=ez-bar|attachment=none|grip_orientation=supinated|grip_width=standard|laterality=bilateral|pattern=elbow-flexion|angle=flat|contraction=dynamic|range=full,standing,ez-bar,elbow-flexion,bilateral,flat,isolation,biceps;brachialis
free-exercise-db,Split_Squat_with_Dumbbells,Split Squat with Dumbbells,OMEN-0.2-ML535CTNKFJQS,dumbbell lunge,posture=standing|implement=dumbbell|attachment=none|grip_orientation=neutral|grip_width=standard|laterality=bilateral|pattern=lunge|angle=flat|contraction=dynamic|range=full,standing,dumbbell,lunge,bilateral,flat,compound,quadriceps;gluteus-maximus
free-exercise-db,Squat_with_Bands,Squat with Bands,OMEN-0.2-HWYDOFIMW3MXQ,barbell squat,posture=standing|implement=barbell|attachment=none|grip_orientation=neutral|grip_width=standard|laterality=bilateral|pattern=squat|angle=flat|contraction=dynamic|range=full,standing,barbell,squat,bilateral,flat,compound,quadriceps;gluteus-maximus
free-exercise-db,Squat_with_Chains,Squat with Chains,OMEN-0.2-HWYDOFIMW3MXQ,barbell squat,posture=standing|implement=barbell|attachment=none|grip_orientation=neutral|grip_width=standard|laterality=bilateral|pattern=squat|angle=flat|contraction=dynamic|range=full,standing,barbell,squat,bilateral,flat,compound,quadriceps;gluteus-maximus
free-exercise-db,Squat_with_Plate_Movers,Squat with Plate Movers,OMEN-0.2-HWYDOFIMW3MXQ,barbell squat,posture=standing|implement=barbell|attachment=none|grip_orientation=neutral|grip_width=standard|laterality=bilateral|pattern=squat|angle=flat|contraction=dynamic|range=full,standing,barbell,squat,bilateral,flat,compound,quadriceps;gluteus-maximus
free-exercise-db,Squats_-_With_Bands,Squats - With Bands,OMEN-0.2-VR627DRUICIRK,band squat,posture=standing|implement=band|attachment=none|grip_orientation=neutral|grip_width=standard|laterality=bilateral|pattern=squat|angle=flat|contraction=dynamic|range=full,standing,band,squat,bilateral,flat,compound,quadriceps;gluteus-maximus
free-exercise-db,Standing_Alternating_Dumbbell_Press,Standing Alternating Dumbbell Press,OMEN-0.2-RJ6KHYULN5TSK,dumbbell alternating vertical-push,posture=standing|implement=dumbbell|attachment=none|grip_orientation=pronated|grip_width=standard|laterality=alternating|pattern=vertical-push|angle=flat|contraction=dynamic|range=full,standing,dumbbell,vertical-push,alternating,flat,compound,anterior-deltoid;triceps;upper-pectoralis
free-exercise-db,Standing_Barbell_Calf_Raise,Standing Barbell Calf Raise,OMEN-0.2-SKQV5ZAO5Y6WM,barbell plantarflexion,posture=standing|implement=barbell|attachment=none|grip_orientation=neutral|grip_width=standard|laterality=bilateral|pattern=plantarflexion|angle=flat|contraction=dynamic|range=full,standing,barbell,plantarflexion,bilateral,flat,isolation,gastrocnemius;soleus
free-exercise-db,Standing_Barbell_Press_Behind_Neck,Standing Barbell Press Behind Neck,OMEN-0.2-UZPKJRIPUZZH4,barbell cervical-flexion,posture=standing|implement=barbell|attachment=none|grip_orientation=neutral|grip_width=standard|laterality=bilateral|pattern=cervical-flexion|angle=flat|contraction=dynamic|range=full,standing,barbell,cervical-flexion,bilateral,flat,isolation,sternocleidomastoid
free-exercise-db,Standing_Bent-Over_One-Arm_Dumbbell_Triceps_Extension,Standing Bent-Over One-Arm Dumbbell Triceps Extension,OMEN-0.2-EIMPXZ4ED5TAM,dumbbell unilateral elbow-extension,posture=standing|implement=dumbbell|attachment=none|grip_orientation=pronated|grip_width=standard|laterality=unilateral|pattern=elbow-extension|angle=flat|contraction=dynamic|range=full,standing,dumbbell,elbow-extension,unilateral,flat,isolation,triceps
free-exercise-db,Standing_Bent-Over_Two-Arm_Dumbbell_Triceps_Extension,Standing Bent-Over Two-Arm Dumbbell Triceps Extension,OMEN-0.2-ZM2XSGIVSN5CG,dumbbell elbow-extension,posture=standing|implement=dumbbell|attachment=none|grip_orientation=pronated|grip_width=standard|laterality=bilateral|pattern=elbow-extension|angle=flat|contraction=dynamic|range=full,standing,dumbbell,elbow-extension,bilateral,flat,isolation,triceps
free-exercise-db,Standing_Biceps_Cable_Curl,Standing Biceps Cable Curl,OMEN-0.2-EBZSPGSXRM5AU,cable elbow-flexion,posture=standing|implement=cable|attachment=none|grip_orientation=supinated|grip_width=standard|laterality=bilateral|pattern=elbow-flexion|angle=flat|contraction=dynamic|range=full,standing,cable,elbow-flexion,bilateral,flat,isolation,biceps;brachialis
free-exercise-db,Standing_Bradford_Press,Standing Bradford Press,OMEN-0.2-QGKZEQ6ZHHXGQ,barbell vertical-push,posture=standing|implement=barbell|attachment=none|grip_orientation=pronated|grip_width=standard|laterality=bilateral|pattern=vertical-push|angle=flat|contraction=dynamic|range=full,standing,barbell,vertical-push,bilateral,flat,compound,anterior-deltoid;triceps;upper-pectoralis
free-exercise-db,Standing_Cable_Chest_Press,Standing Cable Chest Press,OMEN-0.2-4FKVRWI5TRWN4,standing cable horizontal-push,posture=standing|implement=cable|attachment=none|grip_orientation=pronated|grip_width=standard|laterality=bilateral|pattern=horizontal-push|angle=flat|contraction=dynamic|range=full,standing,cable,horizontal-push,bilateral,flat,compound,pectoralis-major;anterior-deltoid;triceps
free-exercise-db,Standing_Cable_Lift,Standing Cable Lift,OMEN-0.2-BUB52TJCZGPBA,cable spinal-flexion,posture=standing|implement=cable|attachment=none|grip_orientation=neutral|grip_width=standard|laterality=bilateral|pattern=spinal-flexion|angle=flat|contraction=dynamic|range=full,standing,cable,spinal-flexion,bilateral,flat,isolation,rectus-abdominis
free-exercise-db,Standing_Cable_Wood_Chop,Standing Cable Wood Chop,OMEN-0.2-KRBUI3N7G7VDK,cable rotation,posture=standing|implement=cable|attachment=none|grip_orientation=neutral|grip_width=standard|laterality=bilateral|pattern=rotation|angle=flat|contraction=dynamic|range=full,standing,cable,rotation,bilateral,flat,isolation,obliques
free-exercise-db,Standing_Calf_Raises,Standing Calf Raises,OMEN-0.2-6KQ42XMSHPKTO,machine plantarflexion,posture=standing|implement=machine|attachment=none|grip_orientation=neutral|grip_width=standard|laterality=bilateral|pattern=plantarflexion|angle=flat|contraction=dynamic|range=full,standing,machine,plantarflexion,bilateral,flat,isolation,gastrocnemius;soleus
free-exercise-db,Standing_Concentration_Curl,Standing Concentration Curl,OMEN-0.2-ZNSD76WQCIMAE,dumbbell elbow-flexion,posture=standing|implement=dumbbell|attachment=none|grip_orientation=supinated|grip_width=standard|laterality=bilateral|pattern=elbow-flexion|angle=flat|contraction=dynamic|range=full,standing,dumbbell,elbow-flexion,bilateral,flat,isolation,biceps;brachialis
free-exercise-db,Standing_Dumbbell_Calf_Raise,Standing Dumbbell Calf Raise,OMEN-0.2-6RAD6D5MW6OVS,dumbbell plantarflexion,posture=standing|implement=dumbbell|attachment=none|grip_orientation=neutral|grip_width=standard|laterality=bilateral|pattern=plantarflexion|angle=flat|contraction=dynamic|range=full,standing,dumbbell,plantarflexion,bilateral,flat,isolation,gastrocnemius;soleus
free-exercise-db,Standing_Dumbbell_Press,Standing Dumbbell Press,OMEN-0.2-QPXDT4WQ2KFYE,dumbbell vertical-push,posture=standing|implement=dumbbell|attachment=none|grip_orientation=pronated|grip_width=standard|laterality=bilateral|pattern=vertical-push|angle=flat|contraction=dynamic|range=full,standing,dumbbell,vertical-push,bilateral,flat,compound,anterior-deltoid;triceps;upper-pectoralis
free-exercise-db,Standing_Dumbbell_Reverse_Curl,Standing Dumbbell Reverse Curl,OMEN-0.2-ZNSD76WQCIMAE,dumbbell elbow-flexion,posture=standing|implement=dumbbell|attachment=none|grip_orientation=supinated|grip_width=standard|laterality=bilateral|pattern=elbow-flexion|angle=flat|contraction=dynamic|range=full,standing,dumbbell,elbow-flexion,bilateral,flat,isolation,biceps;brachialis
free-exercise-db,Standing_Dumbbell_Straight-Arm_Front_Delt_Raise_Above_Head,Standing Dumbbell Straight-Arm Front Delt Raise Above Head,OMEN-0.2-AQWQCZJ3LKYB2,dumbbell shoulder-abduction,posture=standing|implement=dumbbell|attachment=none|grip_orientation=neutral|grip_width=standard|laterality=bilateral|pattern=shoulder-abduction|angle=flat|contraction=dynamic|range=full,standing,dumbbell,shoulder-abduction,bilateral,flat,isolation,lateral-deltoid
free-exercise-db,Standing_Dumbbell_Triceps_Extension,Standing Dumbbell Triceps Extension,OMEN-0.2-ZM2XSGIVSN5CG,dumbbell elbow-extension,posture=standing|implement=dumbbell|attachment=none|grip_orientation=pronated|grip_width=standard|laterality=bilateral|pattern=elbow-extension|angle=flat|contraction=dynamic|range=full,standing,dumbbell,elbow-extension,bilateral,flat,isolation,triceps
free-exercise-db,Standing_Dumbbell_Upright_Row,Standing Dumbbell Upright Row,OMEN-0.2-7KLBTG5UEYDUS,dumbbell scapular-elevation,posture=standing|implement=dumbbell|attachment=none|grip_orientation=neutral|grip_width=standard|laterality=bilateral|pattern=scapular-elevation|angle=flat|contraction=dynamic|range=full,standing,dumbbell,scapular-elevation,bilateral,flat,isolation,upper-trapezius
free-exercise-db,Standing_Front_Barbell_Raise_Over_Head,Standing Front Barbell Raise Over Head,OMEN-0.2-J3K6SCTD6BFC6,barbell shoulder-abduction,posture=standing|implement=barbell|attachment=none|grip_orientation=neutral|grip_width=standard|laterality=bilateral|pattern=shoulder-abduction|angle=flat|contraction=dynamic|range=full,standing,barbell,shoulder-abduction,bilateral,flat,isolation,lateral-deltoid
free-exercise-db,Standing_Inner-Biceps_Curl,Standing Inner-Biceps Curl,OMEN-0.2-ZNSD76WQCIMAE,dumbbell elbow-flexion,posture=standing|implement=dumbbell|attachment=none|grip_orientation=supinated|grip_width=standard|laterality=bilateral|pattern=elbow-flexion|angle=flat|contraction=dynamic|range=full,standing,dumbbell,elbow-flexion,bilateral,flat,isolation,biceps;brachialis
free-exercise-db,Standing_Leg_Curl,Standing Leg Curl,OMEN-0.2-IH4HKSIFHJU4A,machine knee-flexion,posture=standing|implement=machine|attachment=none|grip_orientation=neutral|grip_width=standard|laterality=bilateral|pattern=knee-flexion|angle=flat|contraction=dynamic|range=full,standing,machine,knee-flexion,bilateral,flat,isolation,hamstrings
free-exercise-db,Standing_Low-Pulley_Deltoid_Raise,Standing Low-Pulley Deltoid Raise,OMEN-0.2-I5PXZJYYWAQEQ,cable shoulder-abduction,posture=standing|implement=cable|attachment=none|grip_orientation=neutral|grip_width=standard|laterality=bilateral|pattern=shoulder-abduction|angle=flat|contraction=dynamic|range=full,standing,cable,shoulder-abduction,bilateral,flat,isolation,lateral-deltoid
free-exercise-db,Standing_Low-Pulley_One-Arm_Triceps_Extension,Standing Low-Pulley One-Arm Triceps Extension,OMEN-0.2-MLOL6G7Y6TTBG,cable unilateral elbow-extension,posture=standing|implement=cable|attachment=none|grip_orientation=pronated|grip_width=standard|laterality=unilateral|pattern=elbow-extension|angle=flat|contraction=dynamic|range=full,standing,cable,elbow-extension,unilateral,flat,isolation,triceps
free-exercise-db,Standing_Military_Press,Standing Military Press,OMEN-0.2-QGKZEQ6ZHHXGQ,barbell vertical-push,posture=standing|implement=barbell|attachment=none|grip_orientation=pronated|grip_width=standard|laterality=bilateral|pattern=vertical-push|angle=flat|contraction=dynamic|range=full,standing,barbell,vertical-push,bilateral,flat,compound,anterior-deltoid;triceps;upper-pectoralis
free-exercise-db,Standing_Olympic_Plate_Hand_Squeeze,Standing Olympic Plate Hand Squeeze,OMEN-0.2-F3S3WPKS57RZK,plate wrist-flexion,posture=standing|implement=plate|attachment=none|grip_orientation=neutral|grip_width=standard|laterality=bilateral|pattern=wrist-flexion|angle=flat|contraction=dynamic|range=full,standing,plate,wrist-flexion,bilateral,flat,isolation,forearm-flexors
free-exercise-db,Standing_One-Arm_Cable_Curl,Standing One-Arm Cable Curl,OMEN-0.2-OJSBWL62OSWP6,cable unilateral elbow-flexion,posture=standing|implement=cable|attachment=none|grip_orientation=supinated|grip_width=standard|laterality=unilateral|pattern=elbow-flexion|angle=flat|contraction=dynamic|range=full,standing,cable,elbow-flexion,unilateral,flat,isolation,biceps;brachialis
free-exercise-db,Standing_One-Arm_Dumbbell_Curl_Over_Incline_Bench,Standing One-Arm Dumbbell Curl Over Incline Bench,OMEN-0.2-APV5IWERE5M3Y,incline dumbbell unilateral elbow-flexion,posture=standing|implement=dumbbell|attachment=none|grip_orientation=supinated|grip_width=standard|laterality=unilateral|pattern=elbow-flexion|angle=incline|contraction=dynamic|range=full,standing,dumbbell,elbow-flexion,unilateral,incline,isolation,biceps;brachialis
free-exercise-db,Standing_One-Arm_Dumbbell_Triceps_Extension,Standing One-Arm Dumbbell Triceps Extension,OMEN-0.2-EIMPXZ4ED5TAM,dumbbell unilateral elbow-extension,posture=standing|implement=dumbbell|attachment=none|grip_orientation=pronated|grip_width=standard|laterality=unilateral|pattern=elbow-extension|angle=flat|contraction=dynamic|range=full,standing,dumbbell,elbow-extension,unilateral,flat,isolation,triceps
free-exercise-db,Standing_Overhead_Barbell_Triceps_Extension,Standing Overhead Barbell Triceps Extension,OMEN-0.2-INVIVEL6CHBCG,barbell elbow-extension,posture=standing|implement=barbell|attachment=none|grip_orientation=pronated|grip_width=standard|laterality=bilateral|pattern=elbow-extension|angle=flat|contraction=dynamic|range=full,standing,barbell,elbow-extension,bilateral,flat,isolation,triceps
free-exercise-db,Standing_Palm-In_One-Arm_Dumbbell_Press,Standing Palm-In One-Arm Dumbbell Press,OMEN-0.2-MYOVA3GKCIO72,dumbbell unilateral vertical-push,posture=standing|implement=dumbbell|attachment=none|grip_orientation=pronated|grip_width=standard|laterality=unilateral|pattern=vertical-push|angle=flat|contraction=dynamic|range=full,standing,dumbbell,vertical-push,unilateral,flat,compound,anterior-deltoid;triceps;upper-pectoralis
free-exercise-db,Standing_Palms-In_Dumbbell_Press,Standing Palms-In Dumbbell Press,OMEN-0.2-QPXDT4WQ2KFYE,dumbbell vertical-push,posture=standing|implement=dumbbell|attachment=none|grip_orientation=pronated|grip_width=standard|laterality=bilateral|pattern=vertical-push|angle=flat|contraction=dynamic|range=full,standing,dumbbell,vertical-push,bilateral,flat,compound,anterior-deltoid;triceps;upper-pectoralis
free-exercise-db,Standing_Palms-Up_Barbell_Behind_The_Back_Wrist_Curl,Standing Palms-Up Barbell Behind The Back Wrist Curl,OMEN-0.2-YIWDPKJBYB6OG,barbell wrist-flexion,posture=standing|implement=barbell|attachment=none|grip_orientation=neutral|grip_width=standard|laterality=bilateral|pattern=wrist-flexion|angle=flat|contraction=dynamic|range=full,standing,barbell,wrist-flexion,bilateral,flat,isolation,forearm-flexors
free-exercise-db,Standing_Rope_Crunch,Standing Rope Crunch,OMEN-0.2-YA7MJ7AXQKWQM,rope cable spinal-flexion,posture=standing|implement=cable|attachment=rope|grip_orientation=neutral|grip_width=standard|laterality=bilateral|pattern=spinal-flexion|angle=flat|contraction=dynamic|range=full,standing,cable,spinal-flexion,bilateral,flat,isolation,rectus-abdominis
free-exercise-db,Standing_Towel_Triceps_Extension,Standing Towel Triceps Extension,OMEN-0.2-NLGPA4CDJVIXG,elbow-extension,posture=standing|implement=bodyweight|attachment=none|grip_orientation=pronated|grip_width=standard|laterality=bilateral|pattern=elbow-extension|angle=flat|contraction=dynamic|range=full,standing,bodyweight,elbow-extension,bilateral,flat,isolation,triceps
free-exercise-db,Step-up_with_Knee_Raise,Step-up with Knee Raise,OMEN-0.2-JOKAICHWAL4SM,hip-flexion,posture=standing|implement=bodyweight|attachment=none|grip_orientation=neutral|grip_width=standard|laterality=bilateral|pattern=hip-flexion|angle=flat|contraction=dynamic|range=full,standing,bodyweight,hip-flexion,bilateral,flat,isolation,iliopsoas;rectus-femoris
free-exercise-db,Stiff-Legged_Barbell_Deadlift,Stiff-Legged Barbell Deadlift,OMEN-0.2-K5R5GCRCMTPDE,barbell hip-hinge,posture=standing|implement=barbell|attachment=none|grip_orientation=neutral|grip_width=standard|laterality=bilateral|pattern=hip-hinge|angle=flat|contraction=dynamic|range=full,standing,barbell,hip-hinge,bilateral,flat,compound,gluteus-maximus;hamstrings;erector-spinae
free-exercise-db,Stiff-Legged_Dumbbell_Deadlift,Stiff-Legged Dumbbell Deadlift,OMEN-0.2-GE3EZKD2OQ4T6,dumbbell hip-hinge,posture=standing|implement=dumbbell|attachment=none|grip_orientation=neutral|grip_width=standard|laterality=bilateral|pattern=hip-hinge|angle=flat|contraction=dynamic|range=full,standing,dumbbell,hip-hinge,bilateral,flat,compound,gluteus-maximus;hamstrings;erector-spinae
free-exercise-db,Stiff_Leg_Barbell_Good_Morning,Stiff Leg Barbell Good Morning,OMEN-0.2-K5R5GCRCMTPDE,barbell hip-hinge,posture=standing|implement=barbell|attachment=none|grip_orientation=neutral|grip_width=standard|laterality=bilateral|pattern=hip-hinge|angle=flat|contraction=dynamic|range=full,standing,barbell,hip-hinge,bilateral,flat,compound,gluteus-maximus;hamstrings;erector-spinae
free-exercise-db,Straight-Arm_Dumbbell_Pullover,Straight-Arm Dumbbell Pullover,OMEN-0.2-45PQUSN4LC2NE,dumbbell shoulder-extension,posture=standing|implement=dumbbell|attachment=none|grip_orientation=neutral|grip_width=standard|laterality=bilateral|pattern=shoulder-extension|angle=flat|contraction=dynamic|range=full,standing,dumbbell,shoulder-extension,bilateral,flat,isolation,latissimus-dorsi;teres-major
free-exercise-db,Straight-Arm_Pulldown,Straight-Arm Pulldown,OMEN-0.2-R7LRNHCBP35RO,cable vertical-pull,posture=hanging|implement=cable|attachment=none|grip_orientation=pronated|grip_width=standard|laterality=bilateral|pattern=vertical-pull|angle=flat|contraction=dynamic|range=full,hanging,cable,vertical-pull,bilateral,flat,compound,latissimus-dorsi;teres-major
free-exercise-db,Straight_Bar_Bench_Mid_Rows,Straight Bar Bench Mid Rows,OMEN-0.2-Z6KBRILLL7SBK,barbell horizontal-pull,posture=bent-over|implement=barbell|attachment=none|grip_orientation=pronated|grip_width=standard|laterality=bilateral|pattern=horizontal-pull|angle=flat|contraction=dynamic|range=full,bent-over,barbell,horizontal-pull,bilateral,flat,compound,latissimus-dorsi;rhomboids;mid-trapezius;posterior-deltoid
free-exercise-db,Straight_Raises_on_Incline_Bench,Straight Raises on Incline Bench,OMEN-0.2-6HNAGX7SQJH5K,incline barbell shoulder-abduction,posture=standing|implement=barbell|attachment=none|grip_orientation=neutral|grip_width=standard|laterality=bilateral|pattern=shoulder-abduction|angle=incline|contraction=dynamic|range=full,standing,barbell,shoulder-abduction,bilateral,incline,isolation,lateral-deltoid
free-exercise-db,Sumo_Deadlift,Sumo Deadlift,OMEN-0.2-K5R5GCRCMTPDE,barbell hip-hinge,posture=standing|implement=barbell|attachment=none|grip_orientation=neutral|grip_width=standard|laterality=bilateral|pattern=hip-hinge|angle=flat|contraction=dynamic|range=full,standing,barbell,hip-hinge,bilateral,flat,compound,gluteus-maximus;hamstrings;erector-spinae
free-exercise-db,Sumo_Deadlift_with_Bands,Sumo Deadlift with Bands,OMEN-0.2-K5R5GCRCMTPDE,barbell hip-hinge,posture=standing|implement=barbell|attachment=none|grip_orientation=neutral|grip_width=standard|laterality=bilateral|pattern=hip-hinge|angle=flat|contraction=dynamic|range=full,standing,barbell,hip-hinge,bilateral,flat,compound,gluteus-maximus;hamstrings;erector-spinae
free-exercise-db,Sumo_Deadlift_with_Chains,Sumo Deadlift with Chains,OMEN-0.2-K5R5GCRCMTPDE,barbell hip-hinge,posture=standing|implement=barbell|attachment=none|grip_orientation=neutral|grip_width=standard|laterality=bilateral|pattern=hip-hinge|angle=flat|contraction=dynamic|range=full,standing,barbell,hip-hinge,bilateral,flat,compound,gluteus-maximus;hamstrings;erector-spinae
free-exercise-db,T-Bar_Row_with_Handle,T-Bar Row with Handle,OMEN-0.2-Z6KBRILLL7SBK,barbell horizontal-pull,posture=bent-over|implement=barbell|attachment=none|grip_orientation=pronated|grip_width=standard|laterality=bilateral|pattern=horizontal-pull|angle=flat|contraction=dynamic|range=full,bent-over,barbell,horizontal-pull,bilateral,flat,compound,latissimus-dorsi;rhomboids;mid-trapezius;posterior-deltoid
free-exercise-db,Tate_Press,Tate Press,OMEN-0.2-QPXDT4WQ2KFYE,dumbbell vertical-push,posture=standing|implement=dumbbell|attachment=none|grip_orientation=pronated|grip_width=standard|laterality=bilateral|pattern=vertical-push|angle=flat|contraction=dynamic|range=full,standing,dumbbell,vertical-push,bilateral,flat,compound,anterior-deltoid;triceps;upper-pectoralis
free-exercise-db,Thigh_Abductor,Thigh Abductor,OMEN-0.2-HXB2CDBXULH4K,machine hip-abduction,posture=seated|implement=machine|attachment=none|grip_orientation=neutral|grip_width=standard|laterality=bilateral|pattern=hip-abduction|angle=flat|contraction=dynamic|range=full,seated,machine,hip-abduction,bilateral,flat,isolation,gluteus-medius
free-exercise-db,Thigh_Adductor,Thigh Adductor,OMEN-0.2-YF4Y2MHNSG2OQ,machine hip-adduction,posture=seated|implement=machine|attachment=none|grip_orientation=neutral|grip_width=standard|laterality=bilateral|pattern=hip-adduction|angle=flat|contraction=dynamic|range=full,seated,machine,hip-adduction,bilateral,flat,isolation,adductors
free-exercise-db,Tire_Flip,Tire Flip,OMEN-0.2-OKXV5KRMLQOAW,tire squat,posture=standing|implement=tire|attachment=none|grip_orientation=neutral|grip_width=standard|laterality=bilateral|pattern=squat|angle=flat|contraction=dynamic|range=full,standing,tire,squat,bilateral,flat,compound,quadriceps;gluteus-maximus
free-exercise-db,Trap_Bar_Deadlift,Trap Bar Deadlift,OMEN-0.2-2KQFCMALORVTO,trap-bar hip-hinge,posture=standing|implement=trap-bar|attachment=none|grip_orientation=neutral|grip_width=standard|laterality=bilateral|pattern=hip-hinge|angle=flat|contraction=dynamic|range=full,standing,trap-bar,hip-hinge,bilateral,flat,compound,gluteus-maximus;hamstrings;erector-spinae
free-exercise-db,Tricep_Dumbbell_Kickback,Tricep Dumbbell Kickback,OMEN-0.2-ZM2XSGIVSN5CG,dumbbell elbow-extension,posture=standing|implement=dumbbell|attachment=none|grip_orientation=pronated|grip_width=standard|laterality=bilateral|pattern=elbow-extension|angle=flat|contraction=dynamic|range=full,standing,dumbbell,elbow-extension,bilateral,flat,isolation,triceps
free-exercise-db,Triceps_Overhead_Extension_with_Rope,Triceps Overhead Extension with Rope,OMEN-0.2-LX2LC34DVHM4I,rope cable elbow-extension,posture=standing|implement=cable|attachment=rope|grip_orientation=pronated|grip_width=standard|laterality=bilateral|pattern=elbow-extension|angle=flat|contraction=dynamic|range=full,standing,cable,elbow-extension,bilateral,flat,isolation,triceps
free-exercise-db,Triceps_Pushdown,Triceps Pushdown,OMEN-0.2-ZASNKFPNICBCY,cable elbow-extension,posture=standing|implement=cable|attachment=none|grip_orientation=pronated|grip_width=standard|laterality=bilateral|pattern=elbow-extension|angle=flat|contraction=dynamic|range=full,standing,cable,elbow-extension,bilateral,flat,isolation,triceps
free-exercise-db,Triceps_Pushdown_-_Rope_Attachment,Triceps Pushdown - Rope Attachment,OMEN-0.2-LX2LC34DVHM4I,rope cable elbow-extension,posture=standing|implement=cable|attachment=rope|grip_orientation=pronated|grip_width=standard|laterality=bilateral|pattern=elbow-extension|angle=flat|contraction=dynamic|range=full,standing,cable,elbow-extension,bilateral,flat,isolation,triceps
free-exercise-db,Triceps_Pushdown_-_V-Bar_Attachment,Triceps Pushdown - V-Bar Attachment,OMEN-0.2-7DXTVUGDASP44,v-bar cable elbow-extension,posture=standing|implement=cable|attachment=v-bar|grip_orientation=pronated|grip_width=standard|laterality=bilateral|pattern=elbow-extension|angle=flat|contraction=dynamic|range=full,standing,cable,elbow-extension,bilateral,flat,isolation,triceps
free-exercise-db,Tuck_Crunch,Tuck Crunch,OMEN-0.2-NEBO6LLZQU252,spinal-flexion,posture=supine|implement=bodyweight|attachment=none|grip_orientation=neutral|grip_width=standard|laterality=bilateral|pattern=spinal-flexion|angle=flat|contraction=dynamic|range=full,supine,bodyweight,spinal-flexion,bilateral,flat,isolation,rectus-abdominis
free-exercise-db,Two-Arm_Dumbbell_Preacher_Curl,Two-Arm Dumbbell Preacher Curl,OMEN-0.2-ZNSD76WQCIMAE,dumbbell elbow-flexion,posture=standing|implement=dumbbell|attachment=none|grip_orientation=supinated|grip_width=standard|laterality=bilateral|pattern=elbow-flexion|angle=flat|contraction=dynamic|range=full,standing,dumbbell,elbow-flexion,bilateral,flat,isolation,biceps;brachialis
free-exercise-db,Two-Arm_Kettlebell_Military_Press,Two-Arm Kettlebell Military Press,OMEN-0.2-2OIWIU7HL3XGY,kettlebell vertical-push,posture=standing|implement=kettlebell|attachment=none|grip_orientation=pronated|grip_width=standard|laterality=bilateral|pattern=vertical-push|angle=flat|contraction=dynamic|range=full,standing,kettlebell,vertical-push,bilateral,flat,compound,anterior-deltoid;triceps;upper-pectoralis
free-exercise-db,Two-Arm_Kettlebell_Row,Two-Arm Kettlebell Row,OMEN-0.2-34KIN63AYV5EC,kettlebell horizontal-pull,posture=bent-over|implement=kettlebell|attachment=none|grip_orientation=pronated|grip_width=standard|laterality=bilateral|pattern=horizontal-pull|angle=flat|contraction=dynamic|range=full,bent-over,kettlebell,horizontal-pull,bilateral,flat,compound,latissimus-dorsi;rhomboids;mid-trapezius;posterior-deltoid
free-exercise-db,Underhand_Cable_Pulldowns,Underhand Cable Pulldowns,OMEN-0.2-OU674ETLF7HFU,cable supinated vertical-pull,posture=hanging|implement=cable|attachment=none|grip_orientation=supinated|grip_width=standard|laterality=bilateral|pattern=vertical-pull|angle=flat|contraction=dynamic|range=full,hanging,cable,vertical-pull,bilateral,flat,compound,latissimus-dorsi;teres-major
free-exercise-db,Upright_Barbell_Row,Upright Barbell Row,OMEN-0.2-Z6KBRILLL7SBK,barbell horizontal-pull,posture=bent-over|implement=barbell|attachment=none|grip_orientation=pronated|grip_width=standard|laterality=bilateral|pattern=horizontal-pull|angle=flat|contraction=dynamic|range=full,bent-over,barbell,horizontal-pull,bilateral,flat,compound,latissimus-dorsi;rhomboids;mid-trapezius;posterior-deltoid
free-exercise-db,Upright_Cable_Row,Upright Cable Row,OMEN-0.2-NEZGXUCYRN7Z4,cable horizontal-pull,posture=bent-over|implement=cable|attachment=none|grip_orientation=pronated|grip_width=standard|laterality=bilateral|pattern=horizontal-pull|angle=flat|contraction=dynamic|range=full,bent-over,cable,horizontal-pull,bilateral,flat,compound,latissimus-dorsi;rhomboids;mid-trapezius;posterior-deltoid
free-exercise-db,Upright_Row_-_With_Bands,Upright Row - With Bands,OMEN-0.2-HOZPFKZPB4VLU,band scapular-elevation,posture=standing|implement=band|attachment=none|grip_orientation=neutral|grip_width=standard|laterality=bilateral|pattern=scapular-elevation|angle=flat|contraction=dynamic|range=full,standing,band,scapular-elevation,bilateral,flat,isolation,upper-trapezius
free-exercise-db,V-Bar_Pulldown,V-Bar Pulldown,OMEN-0.2-ZKG27BKRDLJL4,v-bar cable vertical-pull,posture=hanging|implement=cable|attachment=v-bar|grip_orientation=pronated|grip_width=standard|laterality=bilateral|pattern=vertical-pull|angle=flat|contraction=dynamic|range=full,hanging,cable,vertical-pull,bilateral,flat,compound,latissimus-dorsi;teres-major
free-exercise-db,V-Bar_Pullup,V-Bar Pullup,OMEN-0.2-L2SHL5OD62KEW,vertical-pull,posture=hanging|implement=bodyweight|attachment=none|grip_orientation=pronated|grip_width=standard|laterality=bilateral|pattern=vertical-pull|angle=flat|contraction=dynamic|range=full,hanging,bodyweight,vertical-pull,bilateral,flat,compound,latissimus-dorsi;teres-major
free-exercise-db,Weighted_Ball_Hyperextension,Weighted Ball Hyperextension,OMEN-0.2-PA5L4K7QCY43S,stability-ball spinal-extension,posture=standing|implement=stability-ball|attachment=none|grip_orientation=neutral|grip_width=standard|laterality=bilateral|pattern=spinal-extension|angle=flat|contraction=dynamic|range=full,standing,stability-ball,spinal-extension,bilateral,flat,isolation,erector-spinae
free-exercise-db,Weighted_Ball_Side_Bend,Weighted Ball Side Bend,OMEN-0.2-XE3L7SAJAYYOW,stability-ball spinal-lateral-flexion,posture=standing|implement=stability-ball|attachment=none|grip_orientation=neutral|grip_width=standard|laterality=bilateral|pattern=spinal-lateral-flexion|angle=flat|contraction=dynamic|range=full,standing,stability-ball,spinal-lateral-flexion,bilateral,flat,isolation,obliques
free-exercise-db,Weighted_Crunches,Weighted Crunches,OMEN-0.2-CNUS7K27NVLE6,medicine-ball spinal-flexion,posture=supine|implement=medicine-ball|attachment=none|grip_orientation=neutral|grip_width=standard|laterality=bilateral|pattern=spinal-flexion|angle=flat|contraction=dynamic|range=full,supine,medicine-ball,spinal-flexion,bilateral,flat,isolation,rectus-abdominis
free-exercise-db,Weighted_Jump_Squat,Weighted Jump Squat,OMEN-0.2-HWYDOFIMW3MXQ,barbell squat,posture=standing|implement=barbell|attachment=none|grip_orientation=neutral|grip_width=standard|laterality=bilateral|pattern=squat|angle=flat|contraction=dynamic|range=full,standing,barbell,squat,bilateral,flat,compound,quadriceps;gluteus-maximus
free-exercise-db,Weighted_Sissy_Squat,Weighted Sissy Squat,OMEN-0.2-HWYDOFIMW3MXQ,barbell squat,posture=standing|implement=barbell|attachment=none|grip_orientation=neutral|grip_width=standard|laterality=bilateral|pattern=squat|angle=flat|contraction=dynamic|range=full,standing,barbell,squat,bilateral,flat,compound,quadriceps;gluteus-maximus
free-exercise-db,Weighted_Sit-Ups_-_With_Bands,Weighted Sit-Ups - With Bands,OMEN-0.2-XN2HAQL2PE4HS,band spinal-flexion,posture=supine|implement=band|attachment=none|grip_orientation=neutral|grip_width=standard|laterality=bilateral|pattern=spinal-flexion|angle=flat|contraction=dynamic|range=full,supine,band,spinal-flexion,bilateral,flat,isolation,rectus-abdominis
free-exercise-db,Wide-Grip_Barbell_Bench_Press,Wide-Grip Barbell Bench Press,OMEN-0.2-7EZYLAFGAWKIK,barbell wide-grip horizontal-push,posture=supine|implement=barbell|attachment=none|grip_orientation=pronated|grip_width=wide|laterality=bilateral|pattern=horizontal-push|angle=flat|contraction=dynamic|range=full,supine,barbell,horizontal-push,bilateral,flat,compound,pectoralis-major;anterior-deltoid;triceps
free-exercise-db,Wide-Grip_Decline_Barbell_Bench_Press,Wide-Grip Decline Barbell Bench Press,OMEN-0.2-JHKP5UEMWGKOQ,decline barbell wide-grip horizontal-push,posture=supine|implement=barbell|attachment=none|grip_orientation=pronated|grip_width=wide|laterality=bilateral|pattern=horizontal-push|angle=decline|contraction=dynamic|range=full,supine,barbell,horizontal-push,bilateral,decline,compound,pectoralis-major;anterior-deltoid;triceps
free-exercise-db,Wide-Grip_Decline_Barbell_Pullover,Wide-Grip Decline Barbell Pullover,OMEN-0.2-OFNZ7ZSQT2PDQ,decline barbell wide-grip shoulder-extension,posture=standing|implement=barbell|attachment=none|grip_orientation=neutral|grip_width=wide|laterality=bilateral|pattern=shoulder-extension|angle=decline|contraction=dynamic|range=full,standing,barbell,shoulder-extension,bilateral,decline,isolation,latissimus-dorsi;teres-major
free-exercise-db,Wide-Grip_Lat_Pulldown,Wide-Grip Lat Pulldown,OMEN-0.2-4CGVFF4V6QNQW,cable wide-grip vertical-pull,posture=hanging|implement=cable|attachment=none|grip_orientation=pronated|grip_width=wide|laterality=bilateral|pattern=vertical-pull|angle=flat|contraction=dynamic|range=full,hanging,cable,vertical-pull,bilateral,flat,compound,latissimus-dorsi;teres-major
free-exercise-db,Wide-Grip_Pulldown_Behind_The_Neck,Wide-Grip Pulldown Behind The Neck,OMEN-0.2-GFLJBMP3QFTIG,cable wide-grip cervical-flexion,posture=standing|implement=cable|attachment=none|grip_orientation=neutral|grip_width=wide|laterality=bilateral|pattern=cervical-flexion|angle=flat|contraction=dynamic|range=full,standing,cable,cervical-flexion,bilateral,flat,isolation,sternocleidomastoid
free-exercise-db,Wide-Grip_Rear_Pull-Up,Wide-Grip Rear Pull-Up,OMEN-0.2-E2EPQY3FP6PKC,wide-grip vertical-pull,posture=hanging|implement=bodyweight|attachment=none|grip_orientation=pronated|grip_width=wide|laterality=bilateral|pattern=vertical-pull|angle=flat|contraction=dynamic|range=full,hanging,bodyweight,vertical-pull,bilateral,flat,compound,latissimus-dorsi;teres-major
free-exercise-db,Wide-Grip_Standing_Barbell_Curl,Wide-Grip Standing Barbell Curl,OMEN-0.2-NY75PLZFBAM7I,barbell wide-grip elbow-flexion,posture=standing|implement=barbell|attachment=none|grip_orientation=supinated|grip_width=wide|laterality=bilateral|pattern=elbow-flexion|angle=flat|contraction=dynamic|range=full,standing,barbell,elbow-flexion,bilateral,flat,isolation,biceps;brachialis
free-exercise-db,Wide_Stance_Barbell_Squat,Wide Stance Barbell Squat,OMEN-0.2-EEMITU2QTXRAU,barbell wide-grip squat,posture=standing|implement=barbell|attachment=none|grip_orientation=neutral|grip_width=wide|laterality=bilateral|pattern=squat|angle=flat|contraction=dynamic|range=full,standing,barbell,squat,bilateral,flat,compound,quadriceps;gluteus-maximus
free-exercise-db,Wide_Stance_Stiff_Legs,Wide Stance Stiff Legs,OMEN-0.2-C6UCSYKAXAGVG,barbell wide-grip knee-flexion,posture=prone|implement=barbell|attachment=none|grip_orientation=neutral|grip_width=wide|laterality=bilateral|pattern=knee-flexion|angle=flat|contraction=dynamic|range=full,prone,barbell,knee-flexion,bilateral,flat,isolation,hamstrings
free-exercise-db,Wind_Sprints,Wind Sprints,OMEN-0.2-NEBO6LLZQU252,spinal-flexion,posture=supine|implement=bodyweight|attachment=none|grip_orientation=neutral|grip_width=standard|laterality=bilateral|pattern=spinal-flexion|angle=flat|contraction=dynamic|range=full,supine,bodyweight,spinal-flexion,bilateral,flat,isolation,rectus-abdominis
free-exercise-db,Wrist_Rotations_with_Straight_Bar,Wrist Rotations with Straight Bar,OMEN-0.2-ZG2JW3OSB4HGO,barbell wrist-flexion,posture=seated|implement=barbell|attachment=none|grip_orientation=neutral|grip_width=standard|laterality=bilateral|pattern=wrist-flexion|angle=flat|contraction=dynamic|range=full,seated,barbell,wrist-flexion,bilateral,flat,isolation,forearm-flexors
free-exercise-db,Zercher_Squats,Zercher Squats,OMEN-0.2-HWYDOFIMW3MXQ,barbell squat,posture=standing|implement=barbell|attachment=none|grip_orientation=neutral|grip_width=standard|laterality=bilateral|pattern=squat|angle=flat|contraction=dynamic|range=full,standing,barbell,squat,bilateral,flat,compound,quadriceps;gluteus-maximus
free-exercise-db,Zottman_Curl,Zottman Curl,OMEN-0.2-ZNSD76WQCIMAE,dumbbell elbow-flexion,posture=standing|implement=dumbbell|attachment=none|grip_orientation=supinated|grip_width=standard|laterality=bilateral|pattern=elbow-flexion|angle=flat|contraction=dynamic|range=full,standing,dumbbell,elbow-flexion,bilateral,flat,isolation,biceps;brachialis
free-exercise-db,Zottman_Preacher_Curl,Zottman Preacher Curl,OMEN-0.2-ZNSD76WQCIMAE,dumbbell elbow-flexion,posture=standing|implement=dumbbell|attachment=none|grip_orientation=supinated|grip_width=standard|laterality=bilateral|pattern=elbow-flexion|angle=flat|contraction=dynamic|range=full,standing,dumbbell,elbow-flexion,bilateral,flat,isolation,biceps;brachialis
